{
    "0.0": {
        "0.1": 0.2965359510303642,
        "0.3": 0.2668331705880806,
        "0.5": 0.2350930518076016,
        "0.7": 0.20331646877624554,
        "1.0": 0.16508958175991673
    },
    "24.0": {
        "0.1": 0.37132212576623774,
        "0.3": 0.31224152303465136,
        "0.5": 0.26718810361467654,
        "0.7": 0.23026521437761438,
        "1.0": 0.18813079023728718
    },
    "46.0": {
        "0.1": 0.4392699934267772,
        "0.3": 0.4025104216851594,
        "0.5": 0.3383421021006447,
        "0.7": 0.29843266460670503,
        "1.0": 0.23869526051112913
    },
    "17.0": {
        "0.1": 0.30303526595325647,
        "0.3": 0.2900793177648188,
        "0.5": 0.2677017392252171,
        "0.7": 0.23968562885562,
        "1.0": 0.19134827451296765
    },
    "10.0": {
        "0.1": 0.4129092234217172,
        "0.3": 0.36485115194392637,
        "0.5": 0.30911521537255565,
        "0.7": 0.27188420569235106,
        "1.0": 0.22013265845725896
    },
    "31.0": {
        "0.1": 0.21595275004038555,
        "0.3": 0.19163607827878715,
        "0.5": 0.16687114082844212,
        "0.7": 0.15587369400569792,
        "1.0": 0.13011559634368433
    },
    "53.0": {
        "0.1": 0.3594006609111338,
        "0.3": 0.34573449336018997,
        "0.5": 0.33338604277850487,
        "0.7": 0.3107718311004208,
        "1.0": 0.2551994503067455
    },
    "20.0": {
        "0.1": 0.3151021936593274,
        "0.3": 0.305155554277895,
        "0.5": 0.29687344468786453,
        "0.7": 0.28421630791778446,
        "1.0": 0.24420974229750775
    },
    "4.0": {
        "0.1": 0.12125016270003977,
        "0.3": 0.09940244694450805,
        "0.5": 0.09212676944909194,
        "0.7": 0.08425124202949576,
        "1.0": 0.07368685571894452
    },
    "1.0": {
        "0.1": 0.11662191180907942,
        "0.3": 0.08736801630645205,
        "0.5": 0.07977027366829073,
        "0.7": 0.07064725261926354,
        "1.0": 0.05918220036724091
    },
    "23.0": {
        "0.1": 0.19479933486842668,
        "0.3": 0.18499640295074102,
        "0.5": 0.18112686444041096,
        "0.7": 0.17913223323952787,
        "1.0": 0.17276901903208647
    },
    "47.0": {
        "0.1": 0.1720198650839321,
        "0.3": 0.15075688851680322,
        "0.5": 0.1379304874240982,
        "0.7": 0.12320415076090799,
        "1.0": 0.10533448778312512
    },
    "2.0": {
        "0.1": 0.16907033447161687,
        "0.3": 0.133083329050574,
        "0.5": 0.10597453935120882,
        "0.7": 0.09383199681208396,
        "1.0": 0.07964014514925065
    },
    "21.0": {
        "0.1": 0.1675105808788539,
        "0.3": 0.13391955266518454,
        "0.5": 0.11074665169499583,
        "0.7": 0.09690976349732094,
        "1.0": 0.0850832019405399
    },
    "3.0": {
        "0.1": 0.10344784199140537,
        "0.3": 0.07787702371064202,
        "0.5": 0.062142648605054314,
        "0.7": 0.05563240920097709,
        "1.0": 0.05080904582529641
    },
    "6.0": {
        "0.1": 0.13948792209392002,
        "0.3": 0.11739508795845784,
        "0.5": 0.11086303549156949,
        "0.7": 0.10037396075461835,
        "1.0": 0.08903511284738085
    },
    "13.0": {
        "0.1": 0.12928577803619512,
        "0.3": 0.10850284359493728,
        "0.5": 0.08845383643305364,
        "0.7": 0.07437870493070843,
        "1.0": 0.06066419425904266
    },
    "33.0": {
        "0.1": 0.10195583624708704,
        "0.3": 0.08923650313716208,
        "0.5": 0.08328335037325602,
        "0.7": 0.07481112555902511,
        "1.0": 0.06286994460571214
    },
    "9.0": {
        "0.1": 0.08748739830844998,
        "0.3": 0.08489765120753483,
        "0.5": 0.0770734897079918,
        "0.7": 0.07499690245104976,
        "1.0": 0.05937801514411716
    },
    "27.0": {
        "0.1": 0.1906381905445582,
        "0.3": 0.18372609753714625,
        "0.5": 0.16745689179130238,
        "0.7": 0.15714244549947226,
        "1.0": 0.1350761351217622
    },
    "36.0": {
        "0.1": 0.28212893331884464,
        "0.3": 0.274130480538936,
        "0.5": 0.2597033791068133,
        "0.7": 0.24610998621956287,
        "1.0": 0.21924170096617554
    },
    "51.0": {
        "0.1": 0.05913558479692957,
        "0.3": 0.06204132849235013,
        "0.5": 0.056258098654379196,
        "0.7": 0.04898694699179087,
        "1.0": 0.03988557802658477
    },
    "29.0": {
        "0.1": 0.20738405727958026,
        "0.3": 0.19270355657408075,
        "0.5": 0.19003298653234763,
        "0.7": 0.18441907811196007,
        "1.0": 0.1662099399235752
    },
    "48.0": {
        "0.1": 0.13028862659270818,
        "0.3": 0.12268883860193149,
        "0.5": 0.11184288929859436,
        "0.7": 0.09997227620723652,
        "1.0": 0.08711542912850438
    },
    "16.0": {
        "0.1": 0.09647198257075987,
        "0.3": 0.08236221815542322,
        "0.5": 0.078473976080389,
        "0.7": 0.07264152681305804,
        "1.0": 0.060298472945901425
    },
    "5.0": {
        "0.1": 0.07643234546295559,
        "0.3": 0.06458333480237578,
        "0.5": 0.06767151670032956,
        "0.7": 0.06284030818145217,
        "1.0": 0.0512945237095933
    },
    "38.0": {
        "0.1": 0.1341538108971,
        "0.3": 0.13343784665178055,
        "0.5": 0.12687723518071994,
        "0.7": 0.12607037811582691,
        "1.0": 0.11159703803022937
    },
    "43.0": {
        "0.1": 0.11731704379609995,
        "0.3": 0.0832294540083267,
        "0.5": 0.06320282416258707,
        "0.7": 0.05084714027946072,
        "1.0": 0.04341653993623028
    },
    "30.0": {
        "0.1": 0.07923732443351467,
        "0.3": 0.059836184482067775,
        "0.5": 0.047869301514109466,
        "0.7": 0.043211638321628804,
        "1.0": 0.03638198446721379
    },
    "12.0": {
        "0.1": 0.15590262067548388,
        "0.3": 0.16656500422558637,
        "0.5": 0.15934382776069497,
        "0.7": 0.15516950440360622,
        "1.0": 0.14395487628002676
    },
    "22.0": {
        "0.1": 0.34471110181422043,
        "0.3": 0.34685829590909073,
        "0.5": 0.35348160578600246,
        "0.7": 0.3523280219890084,
        "1.0": 0.33897418618347164
    },
    "41.0": {
        "0.1": 0.10293733169485834,
        "0.3": 0.08405491420563589,
        "0.5": 0.0714045650460934,
        "0.7": 0.06929952275541189,
        "1.0": 0.06682332638972004
    },
    "35.0": {
        "0.1": 0.31028947833822723,
        "0.3": 0.3143611363162157,
        "0.5": 0.3133388673703314,
        "0.7": 0.31109140309309724,
        "1.0": 0.28986042001502527
    },
    "34.0": {
        "0.1": 0.20829198052523323,
        "0.3": 0.20518342091022818,
        "0.5": 0.2125869817512668,
        "0.7": 0.20861058454450548,
        "1.0": 0.20190071491120712
    },
    "37.0": {
        "0.1": 0.04832300531080579,
        "0.3": 0.040161278547434245,
        "0.5": 0.022666396274925546,
        "0.7": 0.01886061315755826,
        "1.0": 0.014333501121521807
    },
    "14.0": {
        "0.1": 0.08928813810294013,
        "0.3": 0.1079355921286359,
        "0.5": 0.10097975995174684,
        "0.7": 0.0854354143180916,
        "1.0": 0.07555916502572682
    }
}