{
    "12.0": {
        "0.1": 0.164559982928163,
        "0.3": 0.1554690083493247,
        "0.5": 0.13076368286893633,
        "0.7": 0.11522068861941566,
        "1.0": 0.09314902765177453
    },
    "46.0": {
        "0.1": 0.3977645819950704,
        "0.3": 0.33030547614920197,
        "0.5": 0.26844968802267455,
        "0.7": 0.23568142573585202,
        "1.0": 0.1947345318338308
    },
    "30.0": {
        "0.1": 0.424632818825296,
        "0.3": 0.38638697281686474,
        "0.5": 0.32791106848979185,
        "0.7": 0.2820211330194644,
        "1.0": 0.22083797061028826
    },
    "6.0": {
        "0.1": 0.453831567452106,
        "0.3": 0.39979138108350326,
        "0.5": 0.3295890768397017,
        "0.7": 0.29290517752417355,
        "1.0": 0.23758541161722743
    },
    "39.0": {
        "0.1": 0.39464756321918565,
        "0.3": 0.3652656658806764,
        "0.5": 0.3332736648042291,
        "0.7": 0.30750203309591656,
        "1.0": 0.26158211645350576
    },
    "43.0": {
        "0.1": 0.3777343899316881,
        "0.3": 0.3472036726562929,
        "0.5": 0.31951894486110805,
        "0.7": 0.2931091769894933,
        "1.0": 0.23789164390686718
    },
    "0.0": {
        "0.1": 0.23714885934312716,
        "0.3": 0.2249495141430277,
        "0.5": 0.2144470908752468,
        "0.7": 0.20197112626891867,
        "1.0": 0.18656223094510183
    },
    "25.0": {
        "0.1": 0.3150748316505231,
        "0.3": 0.30998268173380955,
        "0.5": 0.27893837375642255,
        "0.7": 0.2542569258179715,
        "1.0": 0.2105705267390593
    },
    "36.0": {
        "0.1": 0.3095188520800688,
        "0.3": 0.2909446177439385,
        "0.5": 0.27447664393253346,
        "0.7": 0.25859779072435973,
        "1.0": 0.22127644153329837
    },
    "40.0": {
        "0.1": 0.1905569404000986,
        "0.3": 0.18804114250501042,
        "0.5": 0.16569069846113443,
        "0.7": 0.15369193258064476,
        "1.0": 0.1317243435597824
    },
    "19.0": {
        "0.1": 0.38922195943440413,
        "0.3": 0.40310553101300584,
        "0.5": 0.39533874268877583,
        "0.7": 0.3796755691505678,
        "1.0": 0.3460426632928999
    },
    "4.0": {
        "0.1": 0.1090219862286026,
        "0.3": 0.09659374115645253,
        "0.5": 0.08400579911932139,
        "0.7": 0.07842887671464953,
        "1.0": 0.06726028478224137
    },
    "9.0": {
        "0.1": 0.12540123358856564,
        "0.3": 0.10835995807965876,
        "0.5": 0.0918704294542545,
        "0.7": 0.08511323940567615,
        "1.0": 0.07429838620509552
    },
    "42.0": {
        "0.1": 0.1687923517800607,
        "0.3": 0.15059506631660388,
        "0.5": 0.13695327000620117,
        "0.7": 0.12814631006530908,
        "1.0": 0.11573476986473548
    },
    "1.0": {
        "0.1": 0.13029138898338977,
        "0.3": 0.12675862619645356,
        "0.5": 0.10915565617192016,
        "0.7": 0.09893204259364868,
        "1.0": 0.08313531944635798
    },
    "38.0": {
        "0.1": 0.17215615569948972,
        "0.3": 0.16724445328530174,
        "0.5": 0.15508891032793456,
        "0.7": 0.152214892461598,
        "1.0": 0.14076892973934613
    },
    "28.0": {
        "0.1": 0.1687161448089127,
        "0.3": 0.1252263703745793,
        "0.5": 0.10978268670024831,
        "0.7": 0.10052280308459065,
        "1.0": 0.08793751643350593
    },
    "49.0": {
        "0.1": 0.06578624222189924,
        "0.3": 0.05707915751284419,
        "0.5": 0.052935408154622485,
        "0.7": 0.04995276810868528,
        "1.0": 0.0452677239604075
    },
    "11.0": {
        "0.1": 0.16728533818078511,
        "0.3": 0.15282123732664682,
        "0.5": 0.14773733967924407,
        "0.7": 0.13962878791382885,
        "1.0": 0.12583615229012074
    },
    "35.0": {
        "0.1": 0.14985358596854678,
        "0.3": 0.13343708986497146,
        "0.5": 0.11989233830260783,
        "0.7": 0.10661058677887954,
        "1.0": 0.09074541543064935
    },
    "51.0": {
        "0.1": 0.2201362214009669,
        "0.3": 0.21327240297491218,
        "0.5": 0.21466033602651652,
        "0.7": 0.2109058948401614,
        "1.0": 0.19512589131876318
    },
    "37.0": {
        "0.1": 0.15266067118955873,
        "0.3": 0.1555897422645283,
        "0.5": 0.14535104723024908,
        "0.7": 0.13503897970808412,
        "1.0": 0.1225808706225431
    },
    "2.0": {
        "0.1": 0.10156076673285126,
        "0.3": 0.07883778673954817,
        "0.5": 0.06591923581287404,
        "0.7": 0.06273952730019933,
        "1.0": 0.04668813686227715
    },
    "3.0": {
        "0.1": 0.11040350411602368,
        "0.3": 0.09089176942503872,
        "0.5": 0.08228007607936039,
        "0.7": 0.07760539957792831,
        "1.0": 0.0669738625372357
    },
    "16.0": {
        "0.1": 0.3972694994909174,
        "0.3": 0.3962126839167809,
        "0.5": 0.39648415593655256,
        "0.7": 0.3893071014278277,
        "1.0": 0.35917280975441257
    },
    "45.0": {
        "0.1": 0.1358248753431758,
        "0.3": 0.10855389731091393,
        "0.5": 0.09672521029326302,
        "0.7": 0.08750139804124497,
        "1.0": 0.07718014003120782
    },
    "31.0": {
        "0.1": 0.07854209601959837,
        "0.3": 0.08082434555028907,
        "0.5": 0.0786147858501288,
        "0.7": 0.07755393532052109,
        "1.0": 0.06625972432454437
    },
    "27.0": {
        "0.1": 0.3233199042163993,
        "0.3": 0.31513955269402494,
        "0.5": 0.31514930607675035,
        "0.7": 0.3136029493212861,
        "1.0": 0.2876655147995761
    },
    "20.0": {
        "0.1": 0.09630413488068147,
        "0.3": 0.06332022190239583,
        "0.5": 0.04968704450727482,
        "0.7": 0.04427374046131021,
        "1.0": 0.03384195150359894
    },
    "26.0": {
        "0.1": 0.18922789483948932,
        "0.3": 0.18309935916899733,
        "0.5": 0.1895757092507372,
        "0.7": 0.18090895615156746,
        "1.0": 0.149983301207854
    },
    "8.0": {
        "0.1": 0.092635724050097,
        "0.3": 0.07745611165477193,
        "0.5": 0.062053380555474984,
        "0.7": 0.05319046052639373,
        "1.0": 0.04727169153058144
    },
    "21.0": {
        "0.1": 0.16477965453433252,
        "0.3": 0.14254501171892814,
        "0.5": 0.13852255734139873,
        "0.7": 0.13293168704898245,
        "1.0": 0.12395456396537291
    },
    "50.0": {
        "0.1": 0.08507118362613891,
        "0.3": 0.04791978672815765,
        "0.5": 0.03670827818145535,
        "0.7": 0.031027316624125046,
        "1.0": 0.02659208161728748
    },
    "15.0": {
        "0.1": 0.15159088067346557,
        "0.3": 0.15089734333549992,
        "0.5": 0.14375272129979164,
        "0.7": 0.13949290154963162,
        "1.0": 0.1329226514882079
    },
    "10.0": {
        "0.1": 0.311578143814912,
        "0.3": 0.31471767207772644,
        "0.5": 0.31600275266058403,
        "0.7": 0.3109068042024022,
        "1.0": 0.2979127857493686
    },
    "7.0": {
        "0.1": 0.14228716216659407,
        "0.3": 0.15603655446891318,
        "0.5": 0.14642996369008815,
        "0.7": 0.1416512650491116,
        "1.0": 0.12766935382455094
    },
    "29.0": {
        "0.1": 0.1405551607198731,
        "0.3": 0.1586771221361677,
        "0.5": 0.16162177748357662,
        "0.7": 0.16180806768436443,
        "1.0": 0.15007774457367531
    },
    "22.0": {
        "0.1": 0.04318674338437779,
        "0.3": 0.03849103467456606,
        "0.5": 0.03387960831314045,
        "0.7": 0.0310769714991432,
        "1.0": 0.03235422996998899
    },
    "33.0": {
        "0.1": 0.02094821430910925,
        "0.3": 0.014826136010335741,
        "0.5": 0.013392442646981993,
        "0.7": 0.015066109977278289,
        "1.0": 0.01277883418705355
    },
    "23.0": {
        "0.1": 0.1590050843465916,
        "0.3": 0.15379208355794022,
        "0.5": 0.14877246431205998,
        "0.7": 0.14730611963616397,
        "1.0": 0.13586063639047138
    },
    "14.0": {
        "0.1": 0.10880110175870006,