{
    "32.0": {
        "0.1": 0.2584026336940745,
        "0.3": 0.22237853010205888,
        "0.5": 0.18976792571143009,
        "0.7": 0.16887907097424745,
        "1.0": 0.14185199772155246
    },
    "12.0": {
        "0.1": 0.4436264696962058,
        "0.3": 0.40790128438999373,
        "0.5": 0.36352120598628107,
        "0.7": 0.32770405796524005,
        "1.0": 0.27610201577460786
    },
    "2.0": {
        "0.1": 0.42955700181013184,
        "0.3": 0.4181298181111087,
        "0.5": 0.391642653165328,
        "0.7": 0.3731700767914129,
        "1.0": 0.3271347616536135
    },
    "4.0": {
        "0.1": 0.32243017625871656,
        "0.3": 0.29677077148937914,
        "0.5": 0.2949743736935442,
        "0.7": 0.28579954222738135,
        "1.0": 0.24645501388922164
    },
    "6.0": {
        "0.1": 0.36168841696361914,
        "0.3": 0.3540103888719271,
        "0.5": 0.3446061491951225,
        "0.7": 0.3225788823902975,
        "1.0": 0.29101428664159046
    },
    "40.0": {
        "0.1": 0.03834562588958681,
        "0.3": 0.030481644368463998,
        "0.5": 0.028549306460637122,
        "0.7": 0.025937779356599303,
        "1.0": 0.026536165567348752
    },
    "14.0": {
        "0.1": 0.339311783055753,
        "0.3": 0.34480248393152574,
        "0.5": 0.3309605232772545,
        "0.7": 0.31246285410002544,
        "1.0": 0.27575357640857395
    },
    "54.0": {
        "0.1": 0.1718746739732552,
        "0.3": 0.17496105019980235,
        "0.5": 0.16737129842086063,
        "0.7": 0.1630861739316833,
        "1.0": 0.14645608662438422
    },
    "53.0": {
        "0.1": 0.16451811311336415,
        "0.3": 0.1687543337034249,
        "0.5": 0.1673698140271069,
        "0.7": 0.1607444378796837,
        "1.0": 0.146157092904147
    },
    "29.0": {
        "0.1": 0.1187829085440114,
        "0.3": 0.1248427779319822,
        "0.5": 0.12522872606286714,
        "0.7": 0.11737134362151831,
        "1.0": 0.10415236904056478
    },
    "28.0": {
        "0.1": 0.46862229804197064,
        "0.3": 0.4741061701757125,
        "0.5": 0.456851448877891,
        "0.7": 0.43614803583388073,
        "1.0": 0.37926209273385403
    },
    "22.0": {
        "0.1": 0.11028649295444362,
        "0.3": 0.10582865112391646,
        "0.5": 0.10290820678227992,
        "0.7": 0.09513007100463834,
        "1.0": 0.08225574893753772
    },
    "34.0": {
        "0.1": 0.24984653059086276,
        "0.3": 0.2496293010493298,
        "0.5": 0.2382658806575908,
        "0.7": 0.2315511654259987,
        "1.0": 0.20161945013007657
    },
    "46.0": {
        "0.1": 0.2386744128825486,
        "0.3": 0.22896832876643095,
        "0.5": 0.22464465677957882,
        "0.7": 0.21641195353409132,
        "1.0": 0.18890408607167955
    },
    "26.0": {
        "0.1": 0.23505628444781684,
        "0.3": 0.21687522561246075,
        "0.5": 0.20794136338604158,
        "0.7": 0.1943735514951077,
        "1.0": 0.1653041723547287
    },
    "36.0": {
        "0.1": 0.14404120712502436,
        "0.3": 0.1520184212753469,
        "0.5": 0.15047825231048276,
        "0.7": 0.14523194757549265,
        "1.0": 0.12794040810887036
    },
    "5.0": {
        "0.1": 0.40794358874547304,
        "0.3": 0.4024420041462562,
        "0.5": 0.3843103341512408,
        "0.7": 0.3663415561400861,
        "1.0": 0.3333575349211826
    },
    "25.0": {
        "0.1": 0.3830929253689579,
        "0.3": 0.3848022458682573,
        "0.5": 0.36999881635375703,
        "0.7": 0.3683713407934428,
        "1.0": 0.3350594650304568
    },
    "33.0": {
        "0.1": 0.13851014033269388,
        "0.3": 0.105308876138847,
        "0.5": 0.09935464134741778,
        "0.7": 0.09450964970875834,
        "1.0": 0.08397814630297244
    },
    "19.0": {
        "0.1": 0.30375870181924414,
        "0.3": 0.3029568883934961,
        "0.5": 0.2892787424137947,
        "0.7": 0.2838728520523462,
        "1.0": 0.2563234335695354
    },
    "9.0": {
        "0.1": 0.4452095184696399,
        "0.3": 0.4472552844857487,
        "0.5": 0.449286059705658,
        "0.7": 0.43608964459152155,
        "1.0": 0.39371882699474087
    },
    "27.0": {
        "0.1": 0.42907684047453787,
        "0.3": 0.4052254091924555,
        "0.5": 0.38667428440303836,
        "0.7": 0.3687325083676862,
        "1.0": 0.32203462969013613
    },
    "17.0": {
        "0.1": 0.17240601034999614,
        "0.3": 0.16957621626006236,
        "0.5": 0.17277259867101682,
        "0.7": 0.16914806877719019,
        "1.0": 0.15201149833040029
    },
    "1.0": {
        "0.1": 0.4515805498338027,
        "0.3": 0.439016043193891,
        "0.5": 0.42833947111120296,
        "0.7": 0.41197322408650683,
        "1.0": 0.3678016274430783
    },
    "44.0": {
        "0.1": 0.29144046592078615,
        "0.3": 0.2821756886941609,
        "0.5": 0.2835787474272821,
        "0.7": 0.28197074961402113,
        "1.0": 0.26022936001082253
    },
    "15.0": {
        "0.1": 0.22215505345251962,
        "0.3": 0.22456722780362504,
        "0.5": 0.21719844647545347,
        "0.7": 0.21786935107675184,
        "1.0": 0.1917717709545785
    },
    "20.0": {
        "0.1": 0.3545493841624793,
        "0.3": 0.3627496985139546,
        "0.5": 0.3556389251178911,
        "0.7": 0.34285260744175894,
        "1.0": 0.2928201243950124
    },
    "3.0": {
        "0.1": 0.11809451100846148,
        "0.3": 0.10804568262094065,
        "0.5": 0.10871696804926928,
        "0.7": 0.10403268962982018,
        "1.0": 0.08511963528554886
    },
    "10.0": {
        "0.1": 0.2958706609444177,
        "0.3": 0.2901272115444339,
        "0.5": 0.2917776660695056,
        "0.7": 0.28872017170870834,
        "1.0": 0.2608296549443547
    },
    "11.0": {
        "0.1": 0.2939583698098211,
        "0.3": 0.29646207577622186,
        "0.5": 0.30518616226334894,
        "0.7": 0.2899655029421069,
        "1.0": 0.2747396586793438
    },
    "7.0": {
        "0.1": 0.2004904131528477,
        "0.3": 0.19034003505897062,
        "0.5": 0.183900665162212,
        "0.7": 0.16771933809177347,
        "1.0": 0.142854187777335
    },
    "31.0": {
        "0.1": 0.11213514049582209,
        "0.3": 0.08795306493067453,
        "0.5": 0.0834046769280394,
        "0.7": 0.07535164857141856,
        "1.0": 0.06687829145230655
    },
    "39.0": {
        "0.1": 0.15492400620292193,
        "0.3": 0.13853972153546545,
        "0.5": 0.11340047367043077,
        "0.7": 0.10783242019747677,
        "1.0": 0.09816195725141297
    },
    "13.0": {
        "0.1": 0.21500463284132337,
        "0.3": 0.2169551491385352,
        "0.5": 0.21063154525976557,
        "0.7": 0.19917338574145343,
        "1.0": 0.1764013642453989
    },
    "41.0": {
        "0.1": 0.3112707167185512,
        "0.3": 0.30597432190918344,
        "0.5": 0.2978795746625805,
        "0.7": 0.28578498674565544,
        "1.0": 0.25700296206760387
    },
    "24.0": {
        "0.1": 0.4051886665639623,
        "0.3": 0.40545349675220066,
        "0.5": 0.393140084719722,
        "0.7": 0.38199123127030704,
        "1.0": 0.35199472114021124
    },
    "23.0": {
        "0.1": 0.5645678102570487,
        "0.3": 0.5599550299467186,
        "0.5": 0.5501663726739966,
        "0.7": 0.5239756005471108,
        "1.0": 0.47169428938548114
    },
    "42.0": {
        "0.1": 0.43766930614147015,
        "0.3": 0.4318760711686987,
        "0.5": 0.42880518779726295,
        "0.7": 0.41740262973777137,
        "1.0": 0.3696479734516363
    },
    "37.0": {
        "0.1": 0.36766034840116985,
        "0.3": 0.36806522098863165,
        "0.5": 0.35788808613416506,
        "0.7": 0.34434476758986177,
        "1.0": 0.3152552774257285
    },
    "18.0": {
        "0.1": 0.23432967973298952,
        "0.3": 0.22879132114515413,
        "0.5": 0.2185040942341682,
        "0.7": 0.21614334092621104,
        "1.0": 0.19116555329928517
    },
    "16.0": {
        "0.1": 0.39111757782025636,
        "0.3": 0.3927463912687867,