{
    "1.0": {
        "0.1": 0.1542999976085262,
        "0.3": 0.1292370851738741,
        "0.5": 0.1080545405330486,
        "0.7": 0.09315471346499209,
        "1.0": 0.07519640521376926
    },
    "20.0": {
        "0.1": 0.0311160341662073,
        "0.3": 0.0318897812616039,
        "0.5": 0.03316564824236443,
        "0.7": 0.030489665566432764,
        "1.0": 0.028973418833435703
    },
    "19.0": {
        "0.1": 0.34433369572202266,
        "0.3": 0.3554908430532986,
        "0.5": 0.3217825615000622,
        "0.7": 0.29846131740027454,
        "1.0": 0.25297556710231567
    },
    "51.0": {
        "0.1": 0.30061088360019633,
        "0.3": 0.30409631422063493,
        "0.5": 0.29081778403242775,
        "0.7": 0.27523574745090135,
        "1.0": 0.23505387063602015
    },
    "40.0": {
        "0.1": 0.2667053294524628,
        "0.3": 0.24352065046211407,
        "0.5": 0.2386834389584099,
        "0.7": 0.22365147827837675,
        "1.0": 0.20013612054003432
    },
    "21.0": {
        "0.1": 0.041750668328501245,
        "0.3": 0.02918210448865791,
        "0.5": 0.02651279656709891,
        "0.7": 0.02462797333351657,
        "1.0": 0.022442369871824894
    },
    "3.0": {
        "0.1": 0.4231298507314702,
        "0.3": 0.4000010677404523,
        "0.5": 0.3681818968521015,
        "0.7": 0.3609269479339693,
        "1.0": 0.3217937865758683
    },
    "6.0": {
        "0.1": 0.21936585961296473,
        "0.3": 0.2283052227638376,
        "0.5": 0.21878150790304293,
        "0.7": 0.2076888871852179,
        "1.0": 0.1892497377130441
    },
    "26.0": {
        "0.1": 0.22635258050549162,
        "0.3": 0.22245339998116415,
        "0.5": 0.22045753929557182,
        "0.7": 0.21605101990720207,
        "1.0": 0.20381070559317016
    },
    "37.0": {
        "0.1": 0.5291262248946428,
        "0.3": 0.5159395674730561,
        "0.5": 0.50144578682203,
        "0.7": 0.4789142407894259,
        "1.0": 0.4302469628697564
    },
    "25.0": {
        "0.1": 0.12342254403989734,
        "0.3": 0.12000926313769704,
        "0.5": 0.10428895771261061,
        "0.7": 0.09742111966492359,
        "1.0": 0.08250859101460102
    },
    "50.0": {
        "0.1": 0.4027291980452127,
        "0.3": 0.3995792605512713,
        "0.5": 0.3894601174693466,
        "0.7": 0.37202181307615034,
        "1.0": 0.33741900383565787
    },
    "52.0": {
        "0.1": 0.19075992776696693,
        "0.3": 0.17538609069282735,
        "0.5": 0.17190380852838102,
        "0.7": 0.1656196439299899,
        "1.0": 0.14635831942785799
    },
    "35.0": {
        "0.1": 0.42001089245762,
        "0.3": 0.41157024249054586,
        "0.5": 0.3899595416446807,
        "0.7": 0.3657723316462625,
        "1.0": 0.323241794303558
    },
    "13.0": {
        "0.1": 0.30495009446896437,
        "0.3": 0.31264014119914735,
        "0.5": 0.30791273188489876,
        "0.7": 0.3012090116276596,
        "1.0": 0.276522000204246
    },
    "11.0": {
        "0.1": 0.5628051186566739,
        "0.3": 0.5539951946409495,
        "0.5": 0.5396324979872442,
        "0.7": 0.5218063006037952,
        "1.0": 0.4768590293635283
    },
    "48.0": {
        "0.1": 0.3357166955246031,
        "0.3": 0.33827429533239767,
        "0.5": 0.32835375606588274,
        "0.7": 0.32522588756292736,
        "1.0": 0.28647741593940884
    },
    "2.0": {
        "0.1": 0.24058887223421033,
        "0.3": 0.24089006553096062,
        "0.5": 0.24363497561007083,
        "0.7": 0.2382627684444649,
        "1.0": 0.21219887124811745
    },
    "5.0": {
        "0.1": 0.19167720352876103,
        "0.3": 0.1703030178676199,
        "0.5": 0.15955863039014465,
        "0.7": 0.15041683411004197,
        "1.0": 0.129276272281002
    },
    "39.0": {
        "0.1": 0.39768167290287765,
        "0.3": 0.3754251276883447,
        "0.5": 0.3492690190301441,
        "0.7": 0.3287645518752037,
        "1.0": 0.29173924171216686
    },
    "22.0": {
        "0.1": 0.2240080596770161,
        "0.3": 0.21652743962208024,
        "0.5": 0.2168454931269052,
        "0.7": 0.21409466541069805,
        "1.0": 0.19167044958218285
    },
    "14.0": {
        "0.1": 0.31074579883495235,
        "0.3": 0.3117487913582667,
        "0.5": 0.31797027158601604,
        "0.7": 0.30848813481168963,
        "1.0": 0.2732297247668924
    },
    "17.0": {
        "0.1": 0.35301165095693493,
        "0.3": 0.2926495712775232,
        "0.5": 0.26178271250347007,
        "0.7": 0.24273913470688568,
        "1.0": 0.20268623060601507
    },
    "36.0": {
        "0.1": 0.224484972514827,
        "0.3": 0.22155424491614858,
        "0.5": 0.22365017627337067,
        "0.7": 0.21898848101237134,
        "1.0": 0.20443080509117137
    },
    "44.0": {
        "0.1": 0.18232477439016256,
        "0.3": 0.17780360232041426,
        "0.5": 0.16727930986888062,
        "0.7": 0.16104077210137965,
        "1.0": 0.1553245607900663
    },
    "24.0": {
        "0.1": 0.1432750549503479,
        "0.3": 0.13582564365751207,
        "0.5": 0.126924220939363,
        "0.7": 0.12219351088689548,
        "1.0": 0.11889510888709959
    },
    "41.0": {
        "0.1": 0.16905396682329843,
        "0.3": 0.16865647793860336,
        "0.5": 0.16346092697933964,
        "0.7": 0.15416127755719705,
        "1.0": 0.1388689665242821
    },
    "47.0": {
        "0.1": 0.3639681941175216,
        "0.3": 0.36634463544726154,
        "0.5": 0.3609409818754938,
        "0.7": 0.35788170282624177,
        "1.0": 0.3250291978871661
    },
    "54.0": {
        "0.1": 0.6905635036096561,
        "0.3": 0.6840386620815317,
        "0.5": 0.6756266436503335,
        "0.7": 0.6588281478827258,
        "1.0": 0.6297292867524406
    },
    "28.0": {
        "0.1": 0.39020837063611635,
        "0.3": 0.3918637253145068,
        "0.5": 0.3820822731305299,
        "0.7": 0.3720678913364091,
        "1.0": 0.33964325564303527
    },
    "38.0": {
        "0.1": 0.4602414211187787,
        "0.3": 0.4498016260735138,
        "0.5": 0.4434287144723649,
        "0.7": 0.4299904048118238,
        "1.0": 0.38740816779267445
    },
    "18.0": {
        "0.1": 0.34485997784728784,
        "0.3": 0.3419594416660898,
        "0.5": 0.3427138951109833,
        "0.7": 0.3377718583407956,
        "1.0": 0.3006133601401253
    },
    "9.0": {
        "0.1": 0.2782460739289436,
        "0.3": 0.27937958556163145,
        "0.5": 0.27714175497185045,
        "0.7": 0.27326021362187186,
        "1.0": 0.25155872278777064
    },
    "12.0": {
        "0.1": 0.23618083423179392,
        "0.3": 0.2271386939593296,
        "0.5": 0.21848709785564338,
        "0.7": 0.2107877995522565,
        "1.0": 0.18113869676265382
    },
    "33.0": {
        "0.1": 0.5654723998696143,
        "0.3": 0.5758728424034821,
        "0.5": 0.5484933767714734,
        "0.7": 0.5294322809460826,
        "1.0": 0.47585911688459626
    },
    "42.0": {
        "0.1": 0.21947413024999143,
        "0.3": 0.2288686332749749,
        "0.5": 0.22190212903617088,
        "0.7": 0.21718788870528322,
        "1.0": 0.1966750862129479
    },
    "16.0": {
        "0.1": 0.5856627026518579,
        "0.3": 0.5932567304963642,
        "0.5": 0.5850084182463248,
        "0.7": 0.5572994493180002,
        "1.0": 0.494000348237551
    },
    "4.0": {
        "0.1": 0.18071549417521318,
        "0.3": 0.17273062230014943,
        "0.5": 0.17418893907870714,
        "0.7": 0.17076819492660086,
        "1.0": 0.1548398663573682
    },
    "31.0": {
        "0.1": 0.2491972371783089,
        "0.3": 0.24632129179516452,
        "0.5": 0.24742208497975596,
        "0.7": 0.2432852393756461,
        "1.0": 0.22173096265332748
    },
    "53.0": {
        "0.1": 0.21032096464838113,
        "0.3": 0.21888788106718876,
        "0.5": 0.21005407200095236,
        "0.7": 0.19457080709903538,
        "1.0": 0.16814413786464172
    },
    "15.0": {
        "0.1": 0.5683560050075698,
        "0.3": 0.55971531171436,