{
    "32.0": {
        "0.1": 0.24936864212475077,
        "0.3": 0.22966428139573225,
        "0.5": 0.20321351768211848,
        "0.7": 0.1742171660356235,
        "1.0": 0.14358027041606242
    },
    "12.0": {
        "0.1": 0.4371020614187466,
        "0.3": 0.4143886708652037,
        "0.5": 0.35458119968621915,
        "0.7": 0.3161245889734133,
        "1.0": 0.2663395604993187
    },
    "2.0": {
        "0.1": 0.43022584730024654,
        "0.3": 0.42358838755883554,
        "0.5": 0.3912492157569949,
        "0.7": 0.3702950215688843,
        "1.0": 0.32155477878793415
    },
    "4.0": {
        "0.1": 0.3216218980117685,
        "0.3": 0.29375775761894046,
        "0.5": 0.2897798002182987,
        "0.7": 0.2776493947773134,
        "1.0": 0.25735472475265764
    },
    "6.0": {
        "0.1": 0.3602175746298808,
        "0.3": 0.34337078409293215,
        "0.5": 0.33413221751381544,
        "0.7": 0.31512420596891344,
        "1.0": 0.28680672323474393
    },
    "40.0": {
        "0.1": 0.040872885809959986,
        "0.3": 0.030857241472095998,
        "0.5": 0.02793336139481214,
        "0.7": 0.026155680821950897,
        "1.0": 0.023405873516400107
    },
    "14.0": {
        "0.1": 0.34240698092929384,
        "0.3": 0.3450125311355665,
        "0.5": 0.33159858296178724,
        "0.7": 0.3149110019747716,
        "1.0": 0.26962740400330204
    },
    "54.0": {
        "0.1": 0.20492705682860027,
        "0.3": 0.1857725774684642,
        "0.5": 0.16689145646388692,
        "0.7": 0.16112656884490575,
        "1.0": 0.14840214765333087
    },
    "53.0": {
        "0.1": 0.16656509630495145,
        "0.3": 0.16957040301856885,
        "0.5": 0.17114144631462963,
        "0.7": 0.16726856750711228,
        "1.0": 0.14359166076611074
    },
    "29.0": {
        "0.1": 0.13738625888753872,
        "0.3": 0.12533999088984582,
        "0.5": 0.12712882663347944,
        "0.7": 0.12190766498183753,
        "1.0": 0.11067720074188916
    },
    "28.0": {
        "0.1": 0.4540226665635928,
        "0.3": 0.4645674383169039,
        "0.5": 0.4584479337326309,
        "0.7": 0.4412408606223635,
        "1.0": 0.39538329403235023
    },
    "22.0": {
        "0.1": 0.12062000897467577,
        "0.3": 0.11063235531291456,
        "0.5": 0.1059569552110135,
        "0.7": 0.09852235820863667,
        "1.0": 0.08464052613588713
    },
    "34.0": {
        "0.1": 0.2440368103250963,
        "0.3": 0.25019994572599336,
        "0.5": 0.23383027515155252,
        "0.7": 0.22348647911496855,
        "1.0": 0.2051987597667528
    },
    "46.0": {
        "0.1": 0.2479839088528533,
        "0.3": 0.24153870384290088,
        "0.5": 0.23543364094310582,
        "0.7": 0.22299154477675476,
        "1.0": 0.19066324870626924
    },
    "26.0": {
        "0.1": 0.24541990991326187,
        "0.3": 0.23649030228716125,
        "0.5": 0.21970967274579906,
        "0.7": 0.2079518960613478,
        "1.0": 0.1856420454045802
    },
    "36.0": {
        "0.1": 0.1736295739513931,
        "0.3": 0.15925155803439453,
        "0.5": 0.15026852324726958,
        "0.7": 0.14207891130035233,
        "1.0": 0.12843091402734053
    },
    "5.0": {
        "0.1": 0.4071938803330715,
        "0.3": 0.4050978587060309,
        "0.5": 0.37889045710320857,
        "0.7": 0.37101452809558433,
        "1.0": 0.33858117793388787
    },
    "25.0": {
        "0.1": 0.38009884490347917,
        "0.3": 0.3788401147734863,
        "0.5": 0.3774363705090768,
        "0.7": 0.37201087533776217,
        "1.0": 0.3374300888230675
    },
    "33.0": {
        "0.1": 0.1474639057265912,
        "0.3": 0.13575634140208043,
        "0.5": 0.11535618600007794,
        "0.7": 0.10833142303214494,
        "1.0": 0.08763812156431135
    },
    "19.0": {
        "0.1": 0.3167107760909563,
        "0.3": 0.3217406690482541,
        "0.5": 0.3073572307761196,
        "0.7": 0.2985048051978543,
        "1.0": 0.2642876839860807
    },
    "9.0": {
        "0.1": 0.44859714209821716,
        "0.3": 0.44872443473584595,
        "0.5": 0.43912746082808707,
        "0.7": 0.4250373642236005,
        "1.0": 0.39231452936395184
    },
    "27.0": {
        "0.1": 0.4008021063217177,
        "0.3": 0.3960750987883693,
        "0.5": 0.38747571739514286,
        "0.7": 0.3683849357814404,
        "1.0": 0.3186434798000101
    },
    "17.0": {
        "0.1": 0.1982398629475466,
        "0.3": 0.17708248062697338,
        "0.5": 0.17070681157419176,
        "0.7": 0.1656290001264837,
        "1.0": 0.1504847467270948
    },
    "1.0": {
        "0.1": 0.4386304369797718,
        "0.3": 0.43641376326619363,
        "0.5": 0.428771048903138,
        "0.7": 0.41366830359359413,
        "1.0": 0.3885553077208813
    },
    "44.0": {
        "0.1": 0.3036207841603924,
        "0.3": 0.2981230931745084,
        "0.5": 0.2922679143513589,
        "0.7": 0.2835635490057584,
        "1.0": 0.2609527772948004
    },
    "15.0": {
        "0.1": 0.22602670450398996,
        "0.3": 0.22329859220900758,
        "0.5": 0.21603411091827937,
        "0.7": 0.20685739333822958,
        "1.0": 0.18292854598844052
    },
    "20.0": {
        "0.1": 0.36907524840953715,
        "0.3": 0.3602579916126399,
        "0.5": 0.3510541083276976,
        "0.7": 0.3319890777403805,
        "1.0": 0.28400451151529865
    },
    "3.0": {
        "0.1": 0.11257263082245743,
        "0.3": 0.11004756544109488,
        "0.5": 0.10661118220170014,
        "0.7": 0.09902737789380334,
        "1.0": 0.08989929388961439
    },
    "10.0": {
        "0.1": 0.32318380270920527,
        "0.3": 0.3116142129084139,
        "0.5": 0.30912164190487934,
        "0.7": 0.30376996903597897,
        "1.0": 0.26210275567841423
    },
    "11.0": {
        "0.1": 0.3101919136075167,
        "0.3": 0.30943355542501627,
        "0.5": 0.3080916819468019,
        "0.7": 0.29908697545799723,
        "1.0": 0.2777832780619997
    },
    "7.0": {
        "0.1": 0.3776321570154023,
        "0.3": 0.340588880519139,
        "0.5": 0.2915807849176361,
        "0.7": 0.26828943371745,
        "1.0": 0.2211025895606263
    },
    "31.0": {
        "0.1": 0.12020788827805867,
        "0.3": 0.09164148282288717,
        "0.5": 0.07996533904235527,
        "0.7": 0.06965561922312566,
        "1.0": 0.06536821833538092
    },
    "39.0": {
        "0.1": 0.17356621626644414,
        "0.3": 0.14195354902937068,
        "0.5": 0.12330036323326969,
        "0.7": 0.10869572338486982,
        "1.0": 0.10005199419578624
    },
    "13.0": {
        "0.1": 0.20603955190945988,
        "0.3": 0.20779953706267507,
        "0.5": 0.20121166866397416,
        "0.7": 0.20108908295052072,
        "1.0": 0.18191980027248703
    },
    "41.0": {
        "0.1": 0.31511082863999496,
        "0.3": 0.3111093648999088,
        "0.5": 0.29528979342769135,
        "0.7": 0.28512722829979326,
        "1.0": 0.25701171805339973
    },
    "24.0": {
        "0.1": 0.3876269479043673,
        "0.3": 0.39985221427736906,
        "0.5": 0.40203015994252306,
        "0.7": 0.39145979395333397,
        "1.0": 0.3607617472669746
    },
    "23.0": {
        "0.1": 0.5366555409803665,
        "0.3": 0.5501756686562357,
        "0.5": 0.5355052437021934,
        "0.7": 0.5179086680992121,
        "1.0": 0.4720322842566958
    },
    "42.0": {
        "0.1": 0.4172107833118605,
        "0.3": 0.41818594278986365,
        "0.5": 0.41776666363345405,
        "0.7": 0.40177367373843764,
        "1.0": 0.36518892040737905
    },
    "37.0": {
        "0.1": 0.35805036759214326,
        "0.3": 0.3549035448981573,
        "0.5": 0.3443969190554834,
        "0.7": 0.33452252249772996,
        "1.0": 0.30433524301588144
    },
    "18.0": {
        "0.1": 0.2136112407021507,
        "0.3": 0.22241573784253416,
        "0.5": 0.21350328077232866,
        "0.7": 0.20802325675702008,
        "1.0": 0.1781038682874044
    },
    "16.0": {
        "0.1": 0.3982974464733863,