{
    "32.0": {
        "0.1": 0.245769932305614,
        "0.3": 0.22854442869772262,
        "0.5": 0.19626034024555722,
        "0.7": 0.16862701786614273,
        "1.0": 0.1413298965265518
    },
    "12.0": {
        "0.1": 0.4502664532162287,
        "0.3": 0.41138338159413534,
        "0.5": 0.35848504213951726,
        "0.7": 0.3217213217924682,
        "1.0": 0.25975874538794036
    },
    "2.0": {
        "0.1": 0.4152985780042716,
        "0.3": 0.41582352874516315,
        "0.5": 0.39484691538858363,
        "0.7": 0.37725386291321406,
        "1.0": 0.32749905042179295
    },
    "4.0": {
        "0.1": 0.3361963608144489,
        "0.3": 0.30884002932986165,
        "0.5": 0.3002741736733553,
        "0.7": 0.2900207910044006,
        "1.0": 0.2563043531450986
    },
    "6.0": {
        "0.1": 0.34740059611021196,
        "0.3": 0.34524855084174655,
        "0.5": 0.33191251343630157,
        "0.7": 0.31507838071420335,
        "1.0": 0.28792617838043594
    },
    "40.0": {
        "0.1": 0.033787237369946134,
        "0.3": 0.02907301199465793,
        "0.5": 0.026389337492135442,
        "0.7": 0.026548637115526103,
        "1.0": 0.024023335114123023
    },
    "14.0": {
        "0.1": 0.36601594533865095,
        "0.3": 0.3629003057113722,
        "0.5": 0.33650909485404823,
        "0.7": 0.31575921732766044,
        "1.0": 0.26217536211993675
    },
    "54.0": {
        "0.1": 0.1923151903988679,
        "0.3": 0.17954475876849277,
        "0.5": 0.17344075025460928,
        "0.7": 0.16802545932211083,
        "1.0": 0.1524202974582605
    },
    "53.0": {
        "0.1": 0.16337784292238283,
        "0.3": 0.17058567604920366,
        "0.5": 0.16108788803312182,
        "0.7": 0.1560756960776553,
        "1.0": 0.13865453661379984
    },
    "29.0": {
        "0.1": 0.14260233732496563,
        "0.3": 0.13192719731551775,
        "0.5": 0.12224401609876225,
        "0.7": 0.11229529590134234,
        "1.0": 0.10128381604455843
    },
    "28.0": {
        "0.1": 0.4467046682938614,
        "0.3": 0.46738529602053075,
        "0.5": 0.45744669433158464,
        "0.7": 0.43829173711364894,
        "1.0": 0.37834950283212515
    },
    "22.0": {
        "0.1": 0.12653591646105838,
        "0.3": 0.11942212624318266,
        "0.5": 0.10845244277986021,
        "0.7": 0.10456153531677023,
        "1.0": 0.08773009691894593
    },
    "34.0": {
        "0.1": 0.24083430073673695,
        "0.3": 0.24069027971144408,
        "0.5": 0.23627664924979594,
        "0.7": 0.22714067557725265,
        "1.0": 0.20368959596240216
    },
    "46.0": {
        "0.1": 0.27426197013630965,
        "0.3": 0.249352060434989,
        "0.5": 0.2348245675178248,
        "0.7": 0.22185839655046402,
        "1.0": 0.19247753089486033
    },
    "26.0": {
        "0.1": 0.22122875129877717,
        "0.3": 0.2242239573295687,
        "0.5": 0.21641600382615955,
        "0.7": 0.20688406337042603,
        "1.0": 0.18301181791304252
    },
    "36.0": {
        "0.1": 0.16735086189884915,
        "0.3": 0.15623357362446025,
        "0.5": 0.15180845138056817,
        "0.7": 0.14707416003012377,
        "1.0": 0.13201709205227977
    },
    "5.0": {
        "0.1": 0.37207153946725596,
        "0.3": 0.37274278345138095,
        "0.5": 0.359082258146897,
        "0.7": 0.34743928586215156,
        "1.0": 0.3160691345749218
    },
    "25.0": {
        "0.1": 0.3565775898920059,
        "0.3": 0.3562089723236535,
        "0.5": 0.35948321752963464,
        "0.7": 0.35747075743743045,
        "1.0": 0.327006213569815
    },
    "33.0": {
        "0.1": 0.1281870753103119,
        "0.3": 0.12837659363865306,
        "0.5": 0.10387289264992006,
        "0.7": 0.09754980440422745,
        "1.0": 0.08722010067921619
    },
    "19.0": {
        "0.1": 0.32692728475022226,
        "0.3": 0.31346084583562095,
        "0.5": 0.29776927258165736,
        "0.7": 0.2944752290043612,
        "1.0": 0.2713449716822214
    },
    "9.0": {
        "0.1": 0.4586253960290721,
        "0.3": 0.4546365330340887,
        "0.5": 0.4489860597421862,
        "0.7": 0.4326836637822558,
        "1.0": 0.38057791643505756
    },
    "27.0": {
        "0.1": 0.42382066555559916,
        "0.3": 0.4120324944761522,
        "0.5": 0.3805201272689682,
        "0.7": 0.36008191030165565,
        "1.0": 0.3080325474088761
    },
    "17.0": {
        "0.1": 0.1425346184012611,
        "0.3": 0.1281597063102309,
        "0.5": 0.14368461339214952,
        "0.7": 0.1410576420068449,
        "1.0": 0.1284044750470849
    },
    "1.0": {
        "0.1": 0.4232211935113412,
        "0.3": 0.42303425432276565,
        "0.5": 0.4252567518702815,
        "0.7": 0.40875714758814735,
        "1.0": 0.3808936634006587
    },
    "44.0": {
        "0.1": 0.27307174067597095,
        "0.3": 0.27714633869686267,
        "0.5": 0.273231348099449,
        "0.7": 0.26467077388330773,
        "1.0": 0.24580423200467547
    },
    "15.0": {
        "0.1": 0.23532959852991106,
        "0.3": 0.23484828949202313,
        "0.5": 0.2221143786201607,
        "0.7": 0.21924868404134076,
        "1.0": 0.1877395627011869
    },
    "20.0": {
        "0.1": 0.35435165222394405,
        "0.3": 0.3513820591569643,
        "0.5": 0.3482949295981663,
        "0.7": 0.326661850639495,
        "1.0": 0.2811716818802283
    },
    "3.0": {
        "0.1": 0.10135151514915819,
        "0.3": 0.10024672980962979,
        "0.5": 0.0948497482993037,
        "0.7": 0.09127182002785775,
        "1.0": 0.0807464334509447
    },
    "10.0": {
        "0.1": 0.2955384924322595,
        "0.3": 0.2979145554148198,
        "0.5": 0.2964216374105544,
        "0.7": 0.2921651959215336,
        "1.0": 0.2607404420853203
    },
    "11.0": {
        "0.1": 0.24316998151943978,
        "0.3": 0.24764540949798444,
        "0.5": 0.25918742429651087,
        "0.7": 0.2510119483811733,
        "1.0": 0.2414151972816868
    },
    "7.0": {
        "0.1": 0.15087272312236613,
        "0.3": 0.13743773363059678,
        "0.5": 0.14165185328935637,
        "0.7": 0.13896236794196665,
        "1.0": 0.12733586756376264
    },
    "31.0": {
        "0.1": 0.09240706450071734,
        "0.3": 0.07619368150392428,
        "0.5": 0.06913102499181153,
        "0.7": 0.06402393221434342,
        "1.0": 0.057718560007479595
    },
    "39.0": {
        "0.1": 0.10825210887053524,
        "0.3": 0.1158349690008607,
        "0.5": 0.11053883136552713,
        "0.7": 0.10102911386023763,
        "1.0": 0.0906933629688994
    },
    "13.0": {
        "0.1": 0.19020528481886687,
        "0.3": 0.200221724775537,
        "0.5": 0.19686737284268635,
        "0.7": 0.19178038016228277,
        "1.0": 0.1709145332164347
    },
    "41.0": {
        "0.1": 0.3088240994174422,
        "0.3": 0.30556409714857996,
        "0.5": 0.288805181261911,
        "0.7": 0.2775638004261915,
        "1.0": 0.24486788487658337
    },
    "24.0": {
        "0.1": 0.3927659867160375,
        "0.3": 0.3935500932945994,
        "0.5": 0.3830941826638366,
        "0.7": 0.3846455329530232,
        "1.0": 0.3556380969682259
    },
    "23.0": {
        "0.1": 0.5454326429387736,
        "0.3": 0.5429530742796351,
        "0.5": 0.5341991604820019,
        "0.7": 0.5114247655522601,
        "1.0": 0.467786695219588
    },
    "42.0": {
        "0.1": 0.4187122111691467,
        "0.3": 0.41996770819317075,
        "0.5": 0.42452266137647315,
        "0.7": 0.414782921381512,
        "1.0": 0.37783923219248466
    },
    "37.0": {
        "0.1": 0.3445072914608701,
        "0.3": 0.3505501017826407,
        "0.5": 0.3483932427887631,
        "0.7": 0.33595139489200265,
        "1.0": 0.31232086368411194
    },
    "18.0": {
        "0.1": 0.2394927505382883,
        "0.3": 0.23329888465716372,
        "0.5": 0.2202798413801262,
        "0.7": 0.2141159741677503,
        "1.0": 0.18462630500210964
    },
    "16.0": {
        "0.1": 0.3990954054361675,
        "0.3": 0.39932667617363937,