{
    "32.0": {
        "0.1": 0.25234353901404644,
        "0.3": 0.22892512129742493,
        "0.5": 0.1898360374255969,
        "0.7": 0.16606867789475444,
        "1.0": 0.13207533938057045
    },
    "12.0": {
        "0.1": 0.4348072059504496,
        "0.3": 0.40834584391352785,
        "0.5": 0.36269402791986016,
        "0.7": 0.32520097046827273,
        "1.0": 0.2629258166086722
    },
    "2.0": {
        "0.1": 0.4166270955038412,
        "0.3": 0.41612106574367147,
        "0.5": 0.3934304825180624,
        "0.7": 0.37013225262717997,
        "1.0": 0.3259010825290447
    },
    "4.0": {
        "0.1": 0.3242056423988633,
        "0.3": 0.2930143527370034,
        "0.5": 0.2978748875251335,
        "0.7": 0.2907066205391452,
        "1.0": 0.25931183968373245
    },
    "6.0": {
        "0.1": 0.34721969053626195,
        "0.3": 0.3449456001860999,
        "0.5": 0.3358794006687781,
        "0.7": 0.31627356775992044,
        "1.0": 0.2926046973168787
    },
    "40.0": {
        "0.1": 0.03460475813554909,
        "0.3": 0.030116790748043288,
        "0.5": 0.026433035143166528,
        "0.7": 0.024876286786608148,
        "1.0": 0.022427219249322707
    },
    "14.0": {
        "0.1": 0.3551974105267198,
        "0.3": 0.3558963850940106,
        "0.5": 0.3413804447230626,
        "0.7": 0.3217249566130617,
        "1.0": 0.27817237182669596
    },
    "54.0": {
        "0.1": 0.17697206651651867,
        "0.3": 0.17534679699977523,
        "0.5": 0.17054652321811922,
        "0.7": 0.16693732156522043,
        "1.0": 0.14712052880752247
    },
    "53.0": {
        "0.1": 0.16064827243464666,
        "0.3": 0.1679240001403083,
        "0.5": 0.1617354245371269,
        "0.7": 0.1590020856828495,
        "1.0": 0.14285904181367376
    },
    "29.0": {
        "0.1": 0.1347671517050898,
        "0.3": 0.12891010803763378,
        "0.5": 0.12066638098626817,
        "0.7": 0.11188688865072802,
        "1.0": 0.10085577067018633
    },
    "28.0": {
        "0.1": 0.4673444908660704,
        "0.3": 0.46149893211205323,
        "0.5": 0.449748542004837,
        "0.7": 0.43345928145076584,
        "1.0": 0.372214446925814
    },
    "22.0": {
        "0.1": 0.11013780260765849,
        "0.3": 0.10255197034674636,
        "0.5": 0.09106467615261718,
        "0.7": 0.08714724024758766,
        "1.0": 0.08011883387130045
    },
    "34.0": {
        "0.1": 0.2625374091000863,
        "0.3": 0.25700835767012475,
        "0.5": 0.24145697151312417,
        "0.7": 0.22934389053873616,
        "1.0": 0.20312952017382158
    },
    "46.0": {
        "0.1": 0.25220692482149076,
        "0.3": 0.23548158758403798,
        "0.5": 0.22602654191630442,
        "0.7": 0.21416562984126244,
        "1.0": 0.19099518074724167
    },
    "26.0": {
        "0.1": 0.22323550012869858,
        "0.3": 0.22573005230508897,
        "0.5": 0.2228851435005582,
        "0.7": 0.20937570059423094,
        "1.0": 0.1811808299069952
    },
    "36.0": {
        "0.1": 0.15303061838390156,
        "0.3": 0.14684947023024125,
        "0.5": 0.14880508482077054,
        "0.7": 0.1426986497141709,
        "1.0": 0.13257707501281601
    },
    "5.0": {
        "0.1": 0.4213678251181882,
        "0.3": 0.4169394631418446,
        "0.5": 0.38984923025178425,
        "0.7": 0.38192856782172524,
        "1.0": 0.34226099194519155
    },
    "25.0": {
        "0.1": 0.3677550269064445,
        "0.3": 0.3710082766823437,
        "0.5": 0.36946253647052557,
        "0.7": 0.36177558142169275,
        "1.0": 0.3301245971161208
    },
    "33.0": {
        "0.1": 0.1311571823640932,
        "0.3": 0.12273671190532348,
        "0.5": 0.11910648250150536,
        "0.7": 0.10775818052741962,
        "1.0": 0.09652438784472059
    },
    "19.0": {
        "0.1": 0.29905257138607483,
        "0.3": 0.30131865575311884,
        "0.5": 0.29668029230812293,
        "0.7": 0.29331157599145774,
        "1.0": 0.25849140486840705
    },
    "9.0": {
        "0.1": 0.45224944975920545,
        "0.3": 0.45541206596942024,
        "0.5": 0.44392356282685186,
        "0.7": 0.43129929027266245,
        "1.0": 0.3874021128072745
    },
    "27.0": {
        "0.1": 0.42079070095218746,
        "0.3": 0.40342776882752124,
        "0.5": 0.3841099577451304,
        "0.7": 0.3597771193344647,
        "1.0": 0.32035000210336306
    },
    "17.0": {
        "0.1": 0.17215020617145033,
        "0.3": 0.17012909398217846,
        "0.5": 0.16453853297666896,
        "0.7": 0.15868522896558246,
        "1.0": 0.1524077134125105
    },
    "1.0": {
        "0.1": 0.4361259191948272,
        "0.3": 0.4360282015036134,
        "0.5": 0.4339539459344994,
        "0.7": 0.42059449618717026,
        "1.0": 0.3905276323558579
    },
    "44.0": {
        "0.1": 0.275692605769158,
        "0.3": 0.2756759630626453,
        "0.5": 0.2829363319395306,
        "0.7": 0.2754946630521755,
        "1.0": 0.25214281482933587
    },
    "15.0": {
        "0.1": 0.2108704180033356,
        "0.3": 0.21468975996636774,
        "0.5": 0.20854277247561717,
        "0.7": 0.2044460425574934,
        "1.0": 0.17972229408022694
    },
    "20.0": {
        "0.1": 0.3763924293462116,
        "0.3": 0.3705019054873377,
        "0.5": 0.35203419176284995,
        "0.7": 0.33408850633373105,
        "1.0": 0.29037519878398965
    },
    "3.0": {
        "0.1": 0.11608739231623427,
        "0.3": 0.11863066838801675,
        "0.5": 0.11084162198354415,
        "0.7": 0.10410547212398402,
        "1.0": 0.09121977495951139
    },
    "10.0": {
        "0.1": 0.3059293704740639,
        "0.3": 0.2998404432204715,
        "0.5": 0.2956095868792904,
        "0.7": 0.2917872909777537,
        "1.0": 0.25193837042359324
    },
    "11.0": {
        "0.1": 0.3092786581379821,
        "0.3": 0.30609229367295804,
        "0.5": 0.3012623243858255,
        "0.7": 0.2915966271467218,
        "1.0": 0.271386812763844
    },
    "7.0": {
        "0.1": 0.12350613829175325,
        "0.3": 0.1488378959357328,
        "0.5": 0.1577921601398519,
        "0.7": 0.15020047730209166,
        "1.0": 0.14221130612322416
    },
    "31.0": {
        "0.1": 0.09007636158403975,
        "0.3": 0.0830284366357905,
        "0.5": 0.07248427744525444,
        "0.7": 0.06787392511340201,
        "1.0": 0.06442425793366262
    },
    "39.0": {
        "0.1": 0.11828318948895804,
        "0.3": 0.11839369094288807,
        "0.5": 0.11622444806589448,
        "0.7": 0.11459447865255055,
        "1.0": 0.10645625689815333
    },
    "13.0": {
        "0.1": 0.2194980432450658,
        "0.3": 0.2165396044885157,
        "0.5": 0.20476477933077247,
        "0.7": 0.196882971289891,
        "1.0": 0.17224621682836144
    },
    "41.0": {
        "0.1": 0.33127059991923574,
        "0.3": 0.30800827266137765,
        "0.5": 0.29578812816765243,
        "0.7": 0.28225086366752933,
        "1.0": 0.25992888861466096
    },
    "24.0": {
        "0.1": 0.39372118903026687,
        "0.3": 0.3959264325438553,
        "0.5": 0.3887165737926862,
        "0.7": 0.3795274800216762,
        "1.0": 0.35543965309559816
    },
    "23.0": {
        "0.1": 0.5504536249401497,
        "0.3": 0.5510708800060917,
        "0.5": 0.5455969792118723,
        "0.7": 0.525652790854357,
        "1.0": 0.47532014166966746
    },
    "42.0": {
        "0.1": 0.4510522086350208,
        "0.3": 0.44812103574193046,
        "0.5": 0.43917388394171897,
        "0.7": 0.4261947984414754,
        "1.0": 0.3858186917301791
    },
    "37.0": {
        "0.1": 0.37211939598247395,
        "0.3": 0.36181883069428294,
        "0.5": 0.3558907778593188,
        "0.7": 0.34454676425392144,
        "1.0": 0.3190982479705039
    },
    "18.0": {
        "0.1": 0.2169657529128515,
        "0.3": 0.21749874428384838,
        "0.5": 0.21903060537194333,
        "0.7": 0.21152364192393824,
        "1.0": 0.18691520769703865
    },
    "16.0": {
        "0.1": 0.40482237830828227,
        "0.3": 0.3985518301724259,