{
    "32.0": {
        "0.1": 0.2600344341794912,
        "0.3": 0.24251919413762163,
        "0.5": 0.20732737263969944,
        "0.7": 0.17970183940279028,
        "1.0": 0.14406530183592656
    },
    "12.0": {
        "0.1": 0.4514747448082443,
        "0.3": 0.4286201370794606,
        "0.5": 0.37502155549242405,
        "0.7": 0.3353722385513133,
        "1.0": 0.2698161991732071
    },
    "2.0": {
        "0.1": 0.42561524270388845,
        "0.3": 0.42986368220692356,
        "0.5": 0.41164757431536864,
        "0.7": 0.38842643885903116,
        "1.0": 0.33573667737797236
    },
    "4.0": {
        "0.1": 0.3233644835074547,
        "0.3": 0.3075861828078138,
        "0.5": 0.294927402188562,
        "0.7": 0.28073525749224243,
        "1.0": 0.24007212602339167
    },
    "6.0": {
        "0.1": 0.367800891486647,
        "0.3": 0.3583813749040279,
        "0.5": 0.33895123259672794,
        "0.7": 0.3204978324562501,
        "1.0": 0.28962971669438875
    },
    "40.0": {
        "0.1": 0.035652458534797794,
        "0.3": 0.03772618874745734,
        "0.5": 0.03553336495923623,
        "0.7": 0.029807594407079366,
        "1.0": 0.02686027600417991
    },
    "14.0": {
        "0.1": 0.3515433929174678,
        "0.3": 0.351390655214564,
        "0.5": 0.33948154200002206,
        "0.7": 0.3169867243462559,
        "1.0": 0.2739074758037805
    },
    "54.0": {
        "0.1": 0.18167810677756185,
        "0.3": 0.17343655772883962,
        "0.5": 0.1682310576437589,
        "0.7": 0.16060749609674158,
        "1.0": 0.14933214759583777
    },
    "53.0": {
        "0.1": 0.16953155735823308,
        "0.3": 0.16257613893879808,
        "0.5": 0.15936841450091638,
        "0.7": 0.15467416158389638,
        "1.0": 0.1413175859543573
    },
    "29.0": {
        "0.1": 0.15453860815074205,
        "0.3": 0.13531368736230287,
        "0.5": 0.13002106467267782,
        "0.7": 0.12240662978568999,
        "1.0": 0.10753903151073164
    },
    "28.0": {
        "0.1": 0.47455495917225454,
        "0.3": 0.47449218266044196,
        "0.5": 0.4638027723444549,
        "0.7": 0.44198488815338566,
        "1.0": 0.3840056267445182
    },
    "22.0": {
        "0.1": 0.09713384045750673,
        "0.3": 0.09691039280920044,
        "0.5": 0.09602286534318953,
        "0.7": 0.09169373834778906,
        "1.0": 0.08615572396398562
    },
    "34.0": {
        "0.1": 0.2428127556147048,
        "0.3": 0.24292536759699623,
        "0.5": 0.24351778060179677,
        "0.7": 0.23313495802795425,
        "1.0": 0.20959861434577637
    },
    "46.0": {
        "0.1": 0.24556259989967796,
        "0.3": 0.24111178710749692,
        "0.5": 0.22686643064328874,
        "0.7": 0.21390835146931536,
        "1.0": 0.19033081584161424
    },
    "26.0": {
        "0.1": 0.24380202778992932,
        "0.3": 0.23230342573713117,
        "0.5": 0.21664517030932648,
        "0.7": 0.20404922017465263,
        "1.0": 0.17975287576714521
    },
    "36.0": {
        "0.1": 0.17393257979419743,
        "0.3": 0.1636329251578459,
        "0.5": 0.15513839793831513,
        "0.7": 0.14673351426794964,
        "1.0": 0.12821147578830364
    },
    "5.0": {
        "0.1": 0.3874743954638443,
        "0.3": 0.3910050237310132,
        "0.5": 0.3830390870231868,
        "0.7": 0.37138650261388434,
        "1.0": 0.336926114157822
    },
    "25.0": {
        "0.1": 0.3853106601915775,
        "0.3": 0.3773626748875491,
        "0.5": 0.37401155739804254,
        "0.7": 0.36760504416751594,
        "1.0": 0.3414202757194122
    },
    "33.0": {
        "0.1": 0.12630588268882836,
        "0.3": 0.11475825634794806,
        "0.5": 0.1079073987290094,
        "0.7": 0.10043991929508621,
        "1.0": 0.08594302985124216
    },
    "19.0": {
        "0.1": 0.2972265807318685,
        "0.3": 0.2947786092208353,
        "0.5": 0.2960419632464497,
        "0.7": 0.28918351061458236,
        "1.0": 0.26096869281095186
    },
    "9.0": {
        "0.1": 0.4514205297636403,
        "0.3": 0.4555027134891756,
        "0.5": 0.44937917471958067,
        "0.7": 0.43592070920330345,
        "1.0": 0.38526945106023924
    },
    "27.0": {
        "0.1": 0.4185394206889626,
        "0.3": 0.40691187925492245,
        "0.5": 0.3842047169935131,
        "0.7": 0.368072709757107,
        "1.0": 0.330731372807146
    },
    "17.0": {
        "0.1": 0.18035521723222342,
        "0.3": 0.17422357649388548,
        "0.5": 0.17379225782397845,
        "0.7": 0.16992267262727245,
        "1.0": 0.15456804070563193
    },
    "1.0": {
        "0.1": 0.47783772567993893,
        "0.3": 0.4744422118772637,
        "0.5": 0.46001278864422857,
        "0.7": 0.43832341697722993,
        "1.0": 0.396272215755803
    },
    "44.0": {
        "0.1": 0.2914832079542431,
        "0.3": 0.29443704889995653,
        "0.5": 0.29000417716951643,
        "0.7": 0.2796097977480234,
        "1.0": 0.25651619288615857
    },
    "15.0": {
        "0.1": 0.23651149264592788,
        "0.3": 0.23818432466166534,
        "0.5": 0.23123043125440185,
        "0.7": 0.22327452302351614,
        "1.0": 0.19314495192357448
    },
    "20.0": {
        "0.1": 0.3506707368302618,
        "0.3": 0.3560023803016369,
        "0.5": 0.3347340483759907,
        "0.7": 0.3133413119323292,
        "1.0": 0.267595875016375
    },
    "3.0": {
        "0.1": 0.11741400650295443,
        "0.3": 0.10939547847386237,
        "0.5": 0.10244773713537651,
        "0.7": 0.09796084358376027,
        "1.0": 0.08488293935053892
    },
    "10.0": {
        "0.1": 0.3020160286525346,
        "0.3": 0.2924715438943874,
        "0.5": 0.28907150168771123,
        "0.7": 0.2860777119173482,
        "1.0": 0.24839300161601663
    },
    "11.0": {
        "0.1": 0.29202139273090777,
        "0.3": 0.29655319309916095,
        "0.5": 0.29420282140299686,
        "0.7": 0.298204962256547,
        "1.0": 0.27721827513117253
    },
    "7.0": {
        "0.1": 0.14643401596529707,
        "0.3": 0.17296213457107398,
        "0.5": 0.17596738797769274,
        "0.7": 0.15809264753879781,
        "1.0": 0.14747647336187478
    },
    "31.0": {
        "0.1": 0.12299673467720718,
        "0.3": 0.10425113334230542,
        "0.5": 0.0983002555187256,
        "0.7": 0.0869345354318117,
        "1.0": 0.07114736574157153
    },
    "39.0": {
        "0.1": 0.11858409782430168,
        "0.3": 0.11996904579011616,
        "0.5": 0.12128216857573705,
        "0.7": 0.11663539282465099,
        "1.0": 0.1018697759403954
    },
    "13.0": {
        "0.1": 0.22025785708933823,
        "0.3": 0.2158775659361673,
        "0.5": 0.21246786345528876,
        "0.7": 0.20287097251315978,
        "1.0": 0.1846169625795811
    },
    "41.0": {
        "0.1": 0.32579099989859983,
        "0.3": 0.3104793997252803,
        "0.5": 0.29514093277619663,
        "0.7": 0.27997327358840685,
        "1.0": 0.2510899879173008
    },
    "24.0": {
        "0.1": 0.40593405120445003,
        "0.3": 0.41439989325856297,
        "0.5": 0.4040475324051018,
        "0.7": 0.39070889580322526,
        "1.0": 0.3562474303051947
    },
    "23.0": {
        "0.1": 0.560234792128471,
        "0.3": 0.5591683276068475,
        "0.5": 0.5437732946157722,
        "0.7": 0.5298344763839782,
        "1.0": 0.48415381076068054
    },
    "42.0": {
        "0.1": 0.4390910754557326,
        "0.3": 0.4349743074128795,
        "0.5": 0.43457971509141147,
        "0.7": 0.42587157226588096,
        "1.0": 0.3909777380729119
    },
    "37.0": {
        "0.1": 0.3709853719537604,
        "0.3": 0.3607532477938066,
        "0.5": 0.3561018642789692,
        "0.7": 0.3433083288075305,
        "1.0": 0.30707152503196544
    },
    "18.0": {
        "0.1": 0.21426914289841772,
        "0.3": 0.21637958372981536,
        "0.5": 0.2162539868047263,
        "0.7": 0.21255351262734862,
        "1.0": 0.18602557640043518
    },
    "16.0": {
        "0.1": 0.39741555227405057,
        "0.3": 0.3943716568987013,