{
    "32.0": {
        "0.1": 0.25961836022639234,
        "0.3": 0.23018805155967048,
        "0.5": 0.19404289563784252,
        "0.7": 0.1720305147364468,
        "1.0": 0.13409281141744933
    },
    "12.0": {
        "0.1": 0.43370320683095104,
        "0.3": 0.39381718185942793,
        "0.5": 0.35059519866385985,
        "0.7": 0.3139681320921352,
        "1.0": 0.25461609078096925
    },
    "2.0": {
        "0.1": 0.43275394159440495,
        "0.3": 0.4242434483733959,
        "0.5": 0.39336000025269796,
        "0.7": 0.3663228471074595,
        "1.0": 0.32347243723715075
    },
    "4.0": {
        "0.1": 0.3429156750184832,
        "0.3": 0.32258726727283743,
        "0.5": 0.30960701011433645,
        "0.7": 0.2910816738272592,
        "1.0": 0.2463850743847911
    },
    "6.0": {
        "0.1": 0.3820585239054665,
        "0.3": 0.3621684039615012,
        "0.5": 0.3415537511977114,
        "0.7": 0.32679218651379377,
        "1.0": 0.29299737362256506
    },
    "40.0": {
        "0.1": 0.04054027500333443,
        "0.3": 0.0348476525653162,
        "0.5": 0.030529718109669486,
        "0.7": 0.027578517192664468,
        "1.0": 0.024836141039104982
    },
    "14.0": {
        "0.1": 0.3443372385119307,
        "0.3": 0.3461996089369716,
        "0.5": 0.3396485633889908,
        "0.7": 0.31582157534083644,
        "1.0": 0.2676862871805154
    },
    "54.0": {
        "0.1": 0.19096724845999521,
        "0.3": 0.1872292796768344,
        "0.5": 0.1794550456014107,
        "0.7": 0.16941379737348794,
        "1.0": 0.15777733459514157
    },
    "53.0": {
        "0.1": 0.1729609594534469,
        "0.3": 0.1718500676576742,
        "0.5": 0.16377685696123287,
        "0.7": 0.15803729108220885,
        "1.0": 0.1443877020790356
    },
    "29.0": {
        "0.1": 0.14573083804446565,
        "0.3": 0.13047086554344092,
        "0.5": 0.12358071808113852,
        "0.7": 0.11392977737336085,
        "1.0": 0.09615034280780939
    },
    "28.0": {
        "0.1": 0.5066126308055141,
        "0.3": 0.49535244935261,
        "0.5": 0.4874551171272337,
        "0.7": 0.4629878945702838,
        "1.0": 0.40941822690836427
    },
    "22.0": {
        "0.1": 0.11248106764147817,
        "0.3": 0.11387945284411888,
        "0.5": 0.09974808257469511,
        "0.7": 0.09325827004984961,
        "1.0": 0.0837063018491376
    },
    "34.0": {
        "0.1": 0.2550729369697307,
        "0.3": 0.25598200773575647,
        "0.5": 0.2449188294119085,
        "0.7": 0.23175013361000263,
        "1.0": 0.2042383059223408
    },
    "46.0": {
        "0.1": 0.26256726689509763,
        "0.3": 0.25103061053203485,
        "0.5": 0.2318549318139433,
        "0.7": 0.22082668134967284,
        "1.0": 0.19072551373037108
    },
    "26.0": {
        "0.1": 0.24405514647364526,
        "0.3": 0.2254094071072627,
        "0.5": 0.2117077009722509,
        "0.7": 0.19911572012275588,
        "1.0": 0.1768035042937562
    },
    "36.0": {
        "0.1": 0.16293908304066093,
        "0.3": 0.15259756747881673,
        "0.5": 0.14628393290050273,
        "0.7": 0.1398019478306515,
        "1.0": 0.13010478516390822
    },
    "5.0": {
        "0.1": 0.41235982298381074,
        "0.3": 0.40483906071807746,
        "0.5": 0.3830947694599452,
        "0.7": 0.3758997400304142,
        "1.0": 0.33953067148235194
    },
    "25.0": {
        "0.1": 0.3774822709355683,
        "0.3": 0.3785841189655735,
        "0.5": 0.3731207450602608,
        "0.7": 0.3706349461500191,
        "1.0": 0.3326549819467219
    },
    "33.0": {
        "0.1": 0.13410082342318674,
        "0.3": 0.12641637420571658,
        "0.5": 0.10983246793548913,
        "0.7": 0.10164405530815591,
        "1.0": 0.0887635772544402
    },
    "19.0": {
        "0.1": 0.31406212359212693,
        "0.3": 0.312226603042099,
        "0.5": 0.302706141103729,
        "0.7": 0.2905286683357076,
        "1.0": 0.26496731711112037
    },
    "9.0": {
        "0.1": 0.43662653018335285,
        "0.3": 0.44068843191211726,
        "0.5": 0.424168170160512,
        "0.7": 0.41341113305153554,
        "1.0": 0.382681709294561
    },
    "27.0": {
        "0.1": 0.42930322983389446,
        "0.3": 0.41004569444221145,
        "0.5": 0.3899437652983477,
        "0.7": 0.3758354922695047,
        "1.0": 0.32807727219613464
    },
    "17.0": {
        "0.1": 0.19819466545437728,
        "0.3": 0.18341882527510492,
        "0.5": 0.17433185564834858,
        "0.7": 0.1678331384350627,
        "1.0": 0.14596823568554174
    },
    "1.0": {
        "0.1": 0.4400058008134529,
        "0.3": 0.42757035966970064,
        "0.5": 0.42589426534012853,
        "0.7": 0.4142449258393048,
        "1.0": 0.38674535441399227
    },
    "44.0": {
        "0.1": 0.2878780427421567,
        "0.3": 0.2833612585838878,
        "0.5": 0.2799700889235969,
        "0.7": 0.2740776403241344,
        "1.0": 0.24905995951033588
    },
    "15.0": {
        "0.1": 0.23461854567097112,
        "0.3": 0.2435363197209871,
        "0.5": 0.22847824601665556,
        "0.7": 0.21336294104092735,
        "1.0": 0.1842919706258214
    },
    "20.0": {
        "0.1": 0.35018677858078606,
        "0.3": 0.3481180026893155,
        "0.5": 0.33518638990071664,
        "0.7": 0.3210538836086332,
        "1.0": 0.2804382593742961
    },
    "3.0": {
        "0.1": 0.10773793500558941,
        "0.3": 0.10884819975544632,
        "0.5": 0.10843608327973253,
        "0.7": 0.0988802120039139,
        "1.0": 0.08302451689762216
    },
    "10.0": {
        "0.1": 0.3048043542962489,
        "0.3": 0.29991014288039014,
        "0.5": 0.2883823604701313,
        "0.7": 0.2861846745425414,
        "1.0": 0.25494799224384174
    },
    "11.0": {
        "0.1": 0.28733426028066744,
        "0.3": 0.2916344258605264,
        "0.5": 0.2916165223054684,
        "0.7": 0.28244850962824875,
        "1.0": 0.268239109900377
    },
    "7.0": {
        "0.1": 0.3710749532351969,
        "0.3": 0.3227678838488582,
        "0.5": 0.2781444797566802,
        "0.7": 0.2602548465396877,
        "1.0": 0.2222357260851728
    },
    "31.0": {
        "0.1": 0.10883265898532059,
        "0.3": 0.10840655245546918,
        "0.5": 0.0900235830378331,
        "0.7": 0.07454322651197291,
        "1.0": 0.06439433601894827
    },
    "39.0": {
        "0.1": 0.17109243402147223,
        "0.3": 0.1548361265946804,
        "0.5": 0.14010257601212903,
        "0.7": 0.13359248914519192,
        "1.0": 0.11215175802214432
    },
    "13.0": {
        "0.1": 0.21150725094477935,
        "0.3": 0.2063740173898443,
        "0.5": 0.20020193165076194,
        "0.7": 0.19182134136276158,
        "1.0": 0.17468269658162733
    },
    "41.0": {
        "0.1": 0.33363291497318287,
        "0.3": 0.3216363696198182,
        "0.5": 0.3004852671228175,
        "0.7": 0.28372552962219844,
        "1.0": 0.25976662577185283
    },
    "24.0": {
        "0.1": 0.4055496011343551,
        "0.3": 0.4056645427897469,
        "0.5": 0.4017014134345059,
        "0.7": 0.3931340866292504,
        "1.0": 0.35931545006371496
    },
    "23.0": {
        "0.1": 0.5185740533411852,
        "0.3": 0.5374119627437469,
        "0.5": 0.5445472944055353,
        "0.7": 0.522866396501259,
        "1.0": 0.47058317540298544
    },
    "42.0": {
        "0.1": 0.4220478419727572,
        "0.3": 0.424793335164876,
        "0.5": 0.4288640161734989,
        "0.7": 0.41551441864594046,
        "1.0": 0.3743030251101062
    },
    "37.0": {
        "0.1": 0.3742633874700019,
        "0.3": 0.36453163884694406,
        "0.5": 0.35469275228372427,
        "0.7": 0.3486233893380284,
        "1.0": 0.3136396267577893
    },
    "18.0": {
        "0.1": 0.20206941846205112,
        "0.3": 0.21999260296917392,
        "0.5": 0.2199145163111782,
        "0.7": 0.214590480269474,
        "1.0": 0.18936941845615707
    },
    "16.0": {
        "0.1": 0.4073743475645625,
        "0.3": 0.4134268444181919,