{
    "0.0": {
        "0.1": 0.1642406864776838,
        "0.3": 0.13288730608874882,
        "0.5": 0.11297694692292792,
        "0.7": 0.10279111178064593,
        "1.0": 0.08248381609471504
    },
    "49.0": {
        "0.1": 0.10145046759435755,
        "0.3": 0.1001861072216135,
        "0.5": 0.09863643414710438,
        "0.7": 0.096769038418108,
        "1.0": 0.09353277146882558
    },
    "42.0": {
        "0.1": 0.18735942723014745,
        "0.3": 0.1745407937025908,
        "0.5": 0.16126120976859476,
        "0.7": 0.15173223797812768,
        "1.0": 0.13784459917303457
    },
    "46.0": {
        "0.1": 0.2351913042032944,
        "0.3": 0.24197911905344432,
        "0.5": 0.23429096317702292,
        "0.7": 0.22841516957686248,
        "1.0": 0.20285205422752464
    },
    "32.0": {
        "0.1": 0.26483858985591924,
        "0.3": 0.2747060694825334,
        "0.5": 0.2724592216030184,
        "0.7": 0.2710667734756964,
        "1.0": 0.25442681227193176
    },
    "34.0": {
        "0.1": 0.26183928396675676,
        "0.3": 0.2677219008413816,
        "0.5": 0.2633511451954326,
        "0.7": 0.250306918829677,
        "1.0": 0.21865333049277694
    },
    "36.0": {
        "0.1": 0.2229426555326272,
        "0.3": 0.20466655891829955,
        "0.5": 0.1893133335155847,
        "0.7": 0.1785579062002538,
        "1.0": 0.15049654383346808
    },
    "40.0": {
        "0.1": 0.2947694617504216,
        "0.3": 0.2967182947943682,
        "0.5": 0.29251942011577703,
        "0.7": 0.2817170116088633,
        "1.0": 0.24652561090785993
    },
    "50.0": {
        "0.1": 0.44921163056456626,
        "0.3": 0.4541955434415867,
        "0.5": 0.45274099859385086,
        "0.7": 0.4413850364442815,
        "1.0": 0.4209845810761233
    },
    "45.0": {
        "0.1": 0.2712954486175093,
        "0.3": 0.27174784926010254,
        "0.5": 0.2639753414163613,
        "0.7": 0.2649081728257063,
        "1.0": 0.23903788251399397
    },
    "38.0": {
        "0.1": 0.1753499582345137,
        "0.3": 0.17026502221338835,
        "0.5": 0.16439432418437763,
        "0.7": 0.15515060467371267,
        "1.0": 0.1381177340227427
    },
    "14.0": {
        "0.1": 0.44483015692760114,
        "0.3": 0.44490162805790034,
        "0.5": 0.4305127141230962,
        "0.7": 0.4230778188916687,
        "1.0": 0.3919917471544323
    },
    "31.0": {
        "0.1": 0.6332296556936184,
        "0.3": 0.631400513938544,
        "0.5": 0.63714257408822,
        "0.7": 0.6353656214783528,
        "1.0": 0.6188549892381155
    },
    "28.0": {
        "0.1": 0.4207311665612533,
        "0.3": 0.4200908335876291,
        "0.5": 0.3924171795555732,
        "0.7": 0.36473765309388234,
        "1.0": 0.3008471180263942
    },
    "23.0": {
        "0.1": 0.6455269425778977,
        "0.3": 0.6674026222546301,
        "0.5": 0.648984665984981,
        "0.7": 0.6454878150625958,
        "1.0": 0.5988047823660979
    },
    "16.0": {
        "0.1": 0.48075215398180193,
        "0.3": 0.48690324505912147,
        "0.5": 0.484197421215029,
        "0.7": 0.4686354999948819,
        "1.0": 0.4427268453337516
    },
    "3.0": {
        "0.1": 0.4766253224036799,
        "0.3": 0.47586034532643345,
        "0.5": 0.4567507608396353,
        "0.7": 0.4563417046671921,
        "1.0": 0.4455562794958898
    },
    "10.0": {
        "0.1": 0.559971605969225,
        "0.3": 0.5682474464885141,
        "0.5": 0.5618943880780738,
        "0.7": 0.5608034943033784,
        "1.0": 0.5109207968474948
    },
    "44.0": {
        "0.1": 0.6698585428055588,
        "0.3": 0.6694593174431555,
        "0.5": 0.6494193510234528,
        "0.7": 0.6324499750503024,
        "1.0": 0.5821096916708128
    },
    "52.0": {
        "0.1": 0.6925057526534728,
        "0.3": 0.682371699923504,
        "0.5": 0.6408427111947316,
        "0.7": 0.6181120006992966,
        "1.0": 0.5582584379389207
    },
    "37.0": {
        "0.1": 0.6173126738766188,
        "0.3": 0.6232132574004962,
        "0.5": 0.6205280835308223,
        "0.7": 0.6114415444953452,
        "1.0": 0.560482378990183
    },
    "29.0": {
        "0.1": 0.5231634853114824,
        "0.3": 0.5344849852436558,
        "0.5": 0.5353134836742275,
        "0.7": 0.5214570185639215,
        "1.0": 0.48903150311975824
    },
    "39.0": {
        "0.1": 0.7691664324172165,
        "0.3": 0.7666435643947322,
        "0.5": 0.7297560027668246,
        "0.7": 0.7161405380297032,
        "1.0": 0.6382495813656459
    },
    "17.0": {
        "0.1": 0.2404945383598439,
        "0.3": 0.24407789209593686,
        "0.5": 0.24529466070607467,
        "0.7": 0.24915691220179184,
        "1.0": 0.2507797954427784
    },
    "51.0": {
        "0.1": 0.7388416400733776,
        "0.3": 0.7349962062453965,
        "0.5": 0.7067877509725546,
        "0.7": 0.6866936824178226,
        "1.0": 0.6335855257268717
    },
    "21.0": {
        "0.1": 0.5077638922457895,
        "0.3": 0.5091873893165759,
        "0.5": 0.5224653194058342,
        "0.7": 0.5254360564213179,
        "1.0": 0.49695919628355806
    },
    "35.0": {
        "0.1": 0.4063764334435658,
        "0.3": 0.396727446053459,
        "0.5": 0.4108935406349803,
        "0.7": 0.4037416375725897,
        "1.0": 0.4004947827934464
    },
    "25.0": {
        "0.1": 0.46851270972847026,
        "0.3": 0.47688710172619314,
        "0.5": 0.5027477131045417,
        "0.7": 0.4972089784207321,
        "1.0": 0.4810961520342797
    },
    "27.0": {
        "0.1": 0.22743897467580063,
        "0.3": 0.20888575717016758,
        "0.5": 0.21214729921685804,
        "0.7": 0.2027839941973342,
        "1.0": 0.1874716630334769
    },
    "9.0": {
        "0.1": 0.5629833959656111,
        "0.3": 0.5659459825775875,
        "0.5": 0.5592098225759147,
        "0.7": 0.5316402294677685,
        "1.0": 0.4808886746406989
    },
    "30.0": {
        "0.1": 0.597138945428702,
        "0.3": 0.6088902564417384,
        "0.5": 0.6103517773794473,
        "0.7": 0.6008427879258552,
        "1.0": 0.5704894567797792
    },
    "54.0": {
        "0.1": 0.4791644292600712,
        "0.3": 0.4642443718486855,
        "0.5": 0.4679283755920211,
        "0.7": 0.45734910671244583,
        "1.0": 0.4125199921391647
    },
    "33.0": {
        "0.1": 0.8043717265025098,
        "0.3": 0.8121607619525231,
        "0.5": 0.8034320293052948,
        "0.7": 0.799106895315495,
        "1.0": 0.7513404932181936
    },
    "41.0": {
        "0.1": 0.7136376014003971,
        "0.3": 0.7174056181813654,
        "0.5": 0.7330422652884201,
        "0.7": 0.7371445587620405,
        "1.0": 0.7225838422800814
    },
    "1.0": {
        "0.1": 0.9043057764721869,
        "0.3": 0.9110971901490411,
        "0.5": 0.9198803700565296,
        "0.7": 0.911894458337046,
        "1.0": 0.901953225537842
    },
    "26.0": {
        "0.1": 0.718244253960996,
        "0.3": 0.7288407277782416,
        "0.5": 0.7413956379397991,
        "0.7": 0.7167564828815935,
        "1.0": 0.6639798654504537
    },
    "47.0": {
        "0.1": 0.8026451708667799,
        "0.3": 0.8062912771133204,
        "0.5": 0.7848183521233675,
        "0.7": 0.7723272181613315,
        "1.0": 0.7308784531440782
    }
}