{
    "45.0": {
        "0.1": 0.32307634152057146,
        "0.3": 0.27736995664838454,
        "0.5": 0.23363023473278907,
        "0.7": 0.20249692394395388,
        "1.0": 0.1674992952835986
    },
    "52.0": {
        "0.1": 0.44086517197632147,
        "0.3": 0.4166881209634606,
        "0.5": 0.3812649763674561,
        "0.7": 0.34343856815986923,
        "1.0": 0.2797601660037653
    },
    "30.0": {
        "0.1": 0.021219395369018332,
        "0.3": 0.025788438208680667,
        "0.5": 0.025254991049576184,
        "0.7": 0.02223424505217818,
        "1.0": 0.02050396601495762
    },
    "4.0": {
        "0.1": 0.2845750527069388,
        "0.3": 0.26892565218853814,
        "0.5": 0.25570420689967543,
        "0.7": 0.24049395590717115,
        "1.0": 0.22198917943457158
    },
    "22.0": {
        "0.1": 0.3642548225229649,
        "0.3": 0.3559504611060991,
        "0.5": 0.34563038126968093,
        "0.7": 0.33630736752277834,
        "1.0": 0.30376888576849076
    },
    "51.0": {
        "0.1": 0.3265030228927165,
        "0.3": 0.3246020999448863,
        "0.5": 0.31557768539179326,
        "0.7": 0.30354845146426856,
        "1.0": 0.26696242627223427
    },
    "8.0": {
        "0.1": 0.33618464782148566,
        "0.3": 0.3249493712886269,
        "0.5": 0.3076188011640578,
        "0.7": 0.28394643457222096,
        "1.0": 0.2425503206522419
    },
    "23.0": {
        "0.1": 0.3967379794098095,
        "0.3": 0.4010343421202447,
        "0.5": 0.3817894196081055,
        "0.7": 0.35824116683304935,
        "1.0": 0.32033910733334997
    },
    "35.0": {
        "0.1": 0.1661469823708967,
        "0.3": 0.15396201103156476,
        "0.5": 0.15013692228919118,
        "0.7": 0.1468278096012116,
        "1.0": 0.1283648997703363
    },
    "19.0": {
        "0.1": 0.2712721419797359,
        "0.3": 0.26192797224461883,
        "0.5": 0.25549091387001527,
        "0.7": 0.24699118644933235,
        "1.0": 0.2243603108501143
    },
    "17.0": {
        "0.1": 0.3859910234522047,
        "0.3": 0.38877495053442584,
        "0.5": 0.3875468130880414,
        "0.7": 0.3718325255013266,
        "1.0": 0.3406490378617663
    },
    "1.0": {
        "0.1": 0.3831543500213217,
        "0.3": 0.3838122123199582,
        "0.5": 0.3777665328208254,
        "0.7": 0.3714033842341924,
        "1.0": 0.3322854595929891
    },
    "7.0": {
        "0.1": 0.2884982227686831,
        "0.3": 0.2828537533880202,
        "0.5": 0.2866942090757049,
        "0.7": 0.27894745543114313,
        "1.0": 0.25017397002084585
    },
    "38.0": {
        "0.1": 0.21471039393679803,
        "0.3": 0.21667115527519784,
        "0.5": 0.20671574555605332,
        "0.7": 0.19866141664907397,
        "1.0": 0.17252393451976744
    },
    "12.0": {
        "0.1": 0.4066833899095985,
        "0.3": 0.41012027859380396,
        "0.5": 0.3813059872167349,
        "0.7": 0.36432864865571923,
        "1.0": 0.31958627806577034
    },
    "3.0": {
        "0.1": 0.5003822248103693,
        "0.3": 0.5070784094493066,
        "0.5": 0.48632937938865295,
        "0.7": 0.46346645841852324,
        "1.0": 0.41395235991429574
    },
    "27.0": {
        "0.1": 0.10020115788432614,
        "0.3": 0.09475930561424058,
        "0.5": 0.08393887403629956,
        "0.7": 0.073205847800972,
        "1.0": 0.06562700493767364
    },
    "28.0": {
        "0.1": 0.22692388961848262,
        "0.3": 0.22997710650290762,
        "0.5": 0.21818054370152246,
        "0.7": 0.20443671419771753,
        "1.0": 0.1752394698533287
    },
    "44.0": {
        "0.1": 0.41767549264802784,
        "0.3": 0.4159089423901522,
        "0.5": 0.40811962558089343,
        "0.7": 0.39733518540499646,
        "1.0": 0.36262652958888336
    },
    "34.0": {
        "0.1": 0.12495102655682123,
        "0.3": 0.11663809849979177,
        "0.5": 0.11467138627568392,
        "0.7": 0.11418235664644502,
        "1.0": 0.10242417276997523
    },
    "46.0": {
        "0.1": 0.11858006442303204,
        "0.3": 0.11070395417255086,
        "0.5": 0.0914498130649687,
        "0.7": 0.08597879996305047,
        "1.0": 0.07013768516581266
    },
    "6.0": {
        "0.1": 0.20140097730147782,
        "0.3": 0.18864818970446137,
        "0.5": 0.17492941815225171,
        "0.7": 0.15911771289955362,
        "1.0": 0.13705913531836328
    },
    "9.0": {
        "0.1": 0.3998188120116023,
        "0.3": 0.39957895376394226,
        "0.5": 0.39789425539681134,
        "0.7": 0.39324745723292087,
        "1.0": 0.35215572057105304
    },
    "40.0": {
        "0.1": 0.35266883446560854,
        "0.3": 0.34995164364865533,
        "0.5": 0.33984266190916357,
        "0.7": 0.32346068026939834,
        "1.0": 0.28912859365361837
    },
    "13.0": {
        "0.1": 0.5960833086182324,
        "0.3": 0.5950648613376556,
        "0.5": 0.5731539234674788,
        "0.7": 0.5605294669460233,
        "1.0": 0.5017851971866035
    },
    "37.0": {
        "0.1": 0.5000667071890132,
        "0.3": 0.49403225969851233,
        "0.5": 0.48080290323675084,
        "0.7": 0.4654102636172937,
        "1.0": 0.42058997751687677
    },
    "33.0": {
        "0.1": 0.36977172373243405,
        "0.3": 0.36000433276888233,
        "0.5": 0.3480020868529583,
        "0.7": 0.3377273460846834,
        "1.0": 0.3110064615731505
    },
    "11.0": {
        "0.1": 0.13382652917904875,
        "0.3": 0.12725140704111174,
        "0.5": 0.12191034915136242,
        "0.7": 0.11844185775122729,
        "1.0": 0.09808280383281741
    },
    "26.0": {
        "0.1": 0.37417880726686836,
        "0.3": 0.37062236092730155,
        "0.5": 0.3586796610720951,
        "0.7": 0.3399689235188174,
        "1.0": 0.29736164084958394
    },
    "16.0": {
        "0.1": 0.1557770706315128,
        "0.3": 0.14371917686005597,
        "0.5": 0.1376647953312917,
        "0.7": 0.13381814497113523,
        "1.0": 0.12595144820837498
    },
    "31.0": {
        "0.1": 0.30629714963499627,
        "0.3": 0.31152579771456984,
        "0.5": 0.3049012566736335,
        "0.7": 0.30351531602927795,
        "1.0": 0.26424483102817425
    },
    "25.0": {
        "0.1": 0.36884520128480147,
        "0.3": 0.359846033432874,
        "0.5": 0.34749008129133396,
        "0.7": 0.33037425868005244,
        "1.0": 0.30002413338006795
    },
    "24.0": {
        "0.1": 0.326492026721385,
        "0.3": 0.29592786175682995,
        "0.5": 0.2563410622502116,
        "0.7": 0.23333287911964853,
        "1.0": 0.20187932892486707
    },
    "42.0": {
        "0.1": 0.1316311426643776,
        "0.3": 0.10212197886623826,
        "0.5": 0.09855219716296577,
        "0.7": 0.0869786400031235,
        "1.0": 0.0763921275874791
    },
    "20.0": {
        "0.1": 0.48859672117080566,
        "0.3": 0.485945222286243,
        "0.5": 0.4737357276238548,
        "0.7": 0.4525260835519742,
        "1.0": 0.38490693530331727
    },
    "2.0": {
        "0.1": 0.23696171163495255,
        "0.3": 0.2321129275803836,
        "0.5": 0.23467835587853955,
        "0.7": 0.22839724480677787,
        "1.0": 0.21897970969418384
    },
    "53.0": {
        "0.1": 0.18842939480610912,
        "0.3": 0.18191462987265605,
        "0.5": 0.16645521217863365,
        "0.7": 0.16353554525681446,
        "1.0": 0.13778196848884225
    },
    "36.0": {
        "0.1": 0.35775518415741275,
        "0.3": 0.36520115905190037,
        "0.5": 0.35399885983455365,
        "0.7": 0.34631678338276467,
        "1.0": 0.3185302983938606
    },
    "50.0": {
        "0.1": 0.19800900120429354,
        "0.3": 0.19989638991838415,
        "0.5": 0.18995523985178003,
        "0.7": 0.1787047490003985,
        "1.0": 0.15937982817599594
    },
    "0.0": {
        "0.1": 0.5449813159125269,
        "0.3": 0.5567380020981159,
        "0.5": 0.5431445018875152,
        "0.7": 0.5251341082184366,
        "1.0": 0.46080958922972726
    },
    "18.0": {
        "0.1": 0.2945327657685142,