{
    "32.0": {
        "0.1": 0.2576817664394959,
        "0.3": 0.2247766650764685,
        "0.5": 0.1906454769929474,
        "0.7": 0.17196272116239417,
        "1.0": 0.13885550504825403
    },
    "12.0": {
        "0.1": 0.43802585910737063,
        "0.3": 0.39412086384359724,
        "0.5": 0.3460112612872359,
        "0.7": 0.3125722916281347,
        "1.0": 0.25440565130681403
    },
    "2.0": {
        "0.1": 0.4402535401568785,
        "0.3": 0.4316337107987789,
        "0.5": 0.3987503569404751,
        "0.7": 0.37468491875117893,
        "1.0": 0.3237783553496297
    },
    "4.0": {
        "0.1": 0.33005570260079753,
        "0.3": 0.3099082913237377,
        "0.5": 0.2971221494601858,
        "0.7": 0.28731658440459923,
        "1.0": 0.2542627510765656
    },
    "6.0": {
        "0.1": 0.36417146692581726,
        "0.3": 0.35831769922940077,
        "0.5": 0.34357624688382526,
        "0.7": 0.3249870387133012,
        "1.0": 0.294471496416069
    },
    "40.0": {
        "0.1": 0.03597101169445582,
        "0.3": 0.03548793844106491,
        "0.5": 0.02832259700714114,
        "0.7": 0.026354826692717603,
        "1.0": 0.023367364230219866
    },
    "14.0": {
        "0.1": 0.3355214622648937,
        "0.3": 0.34137525325259654,
        "0.5": 0.3289389478380839,
        "0.7": 0.31500118953130757,
        "1.0": 0.2716922325706659
    },
    "54.0": {
        "0.1": 0.17659547000328707,
        "0.3": 0.16413919499926824,
        "0.5": 0.1660349379389627,
        "0.7": 0.16038066354568312,
        "1.0": 0.14894922178584843
    },
    "53.0": {
        "0.1": 0.173522289395779,
        "0.3": 0.18666710581954277,
        "0.5": 0.17518939754728957,
        "0.7": 0.16684923568849122,
        "1.0": 0.14592954534460478
    },
    "29.0": {
        "0.1": 0.12326914885020283,
        "0.3": 0.12408326714475844,
        "0.5": 0.11630548993087535,
        "0.7": 0.11215654487962654,
        "1.0": 0.10528115737363163
    },
    "28.0": {
        "0.1": 0.48308247868946624,
        "0.3": 0.4824309822648381,
        "0.5": 0.4660215165092411,
        "0.7": 0.44338149434890384,
        "1.0": 0.3828470787445747
    },
    "22.0": {
        "0.1": 0.13287460117488548,
        "0.3": 0.12495236869778013,
        "0.5": 0.10887101596719492,
        "0.7": 0.09872908157435407,
        "1.0": 0.08498034093140137
    },
    "34.0": {
        "0.1": 0.25062759234331305,
        "0.3": 0.25374337770480315,
        "0.5": 0.2383126701923348,
        "0.7": 0.23198822199392719,
        "1.0": 0.1984766599693964
    },
    "46.0": {
        "0.1": 0.2605960065378644,
        "0.3": 0.24402431299172464,
        "0.5": 0.23101471828845427,
        "0.7": 0.22135081433794365,
        "1.0": 0.19161854863491024
    },
    "26.0": {
        "0.1": 0.23146221756915822,
        "0.3": 0.23490034469657825,
        "0.5": 0.2194124599355186,
        "0.7": 0.2138045831368185,
        "1.0": 0.1891415084402248
    },
    "36.0": {
        "0.1": 0.15035759899789006,
        "0.3": 0.14816504786839407,
        "0.5": 0.14909947238143573,
        "0.7": 0.14350685058547863,
        "1.0": 0.12833604877165827
    },
    "5.0": {
        "0.1": 0.40869767771051646,
        "0.3": 0.39908435628640987,
        "0.5": 0.3785710666534578,
        "0.7": 0.37142566217369277,
        "1.0": 0.3407682788095094
    },
    "25.0": {
        "0.1": 0.3770509402361186,
        "0.3": 0.3759009891561458,
        "0.5": 0.3760844562902747,
        "0.7": 0.36923112094999694,
        "1.0": 0.3375795872324747
    },
    "33.0": {
        "0.1": 0.12343960546477448,
        "0.3": 0.1079984307046928,
        "0.5": 0.09538793485074513,
        "0.7": 0.09483281744497696,
        "1.0": 0.08511456728062658
    },
    "19.0": {
        "0.1": 0.31223130798450827,
        "0.3": 0.3202652955721075,
        "0.5": 0.3076548656098969,
        "0.7": 0.29732647132622636,
        "1.0": 0.2628460342018858
    },
    "9.0": {
        "0.1": 0.454290629728269,
        "0.3": 0.45252842765287105,
        "0.5": 0.4514296400921558,
        "0.7": 0.43589027882020237,
        "1.0": 0.38743521793630054
    },
    "27.0": {
        "0.1": 0.4183615535419303,
        "0.3": 0.4013167758480596,
        "0.5": 0.39071271123519774,
        "0.7": 0.3647527610006617,
        "1.0": 0.3210786262397157
    },
    "17.0": {
        "0.1": 0.18435594473407357,
        "0.3": 0.17586214941226125,
        "0.5": 0.17358504521177787,
        "0.7": 0.16881873749788626,
        "1.0": 0.15897493373559804
    },
    "1.0": {
        "0.1": 0.4480713805854425,
        "0.3": 0.44619950538011305,
        "0.5": 0.4367432362691893,
        "0.7": 0.420987889710584,
        "1.0": 0.37730597737782107
    },
    "44.0": {
        "0.1": 0.2797480773340332,
        "0.3": 0.2818024343951632,
        "0.5": 0.2828500776425066,
        "0.7": 0.2783967807095011,
        "1.0": 0.2557902858328795
    },
    "15.0": {
        "0.1": 0.22729197362704437,
        "0.3": 0.23000428382790544,
        "0.5": 0.22180159053270165,
        "0.7": 0.21488033743450216,
        "1.0": 0.19340621875682842
    },
    "20.0": {
        "0.1": 0.35508976097030825,
        "0.3": 0.3571499713635627,
        "0.5": 0.3418397566840675,
        "0.7": 0.3271662107681793,
        "1.0": 0.2904464292439603
    },
    "3.0": {
        "0.1": 0.10931007009234602,
        "0.3": 0.10908979691516012,
        "0.5": 0.10786633795229744,
        "0.7": 0.10030625828147421,
        "1.0": 0.08671033716708317
    },
    "10.0": {
        "0.1": 0.29419036433332896,
        "0.3": 0.2950385486144514,
        "0.5": 0.3024199098671457,
        "0.7": 0.294134305276255,
        "1.0": 0.2655769735342101
    },
    "11.0": {
        "0.1": 0.2980574135604318,
        "0.3": 0.298670760643939,
        "0.5": 0.30074961088837626,
        "0.7": 0.3048056980766681,
        "1.0": 0.29136227738238657
    },
    "7.0": {
        "0.1": 0.3747952307626024,
        "0.3": 0.3428394991063843,
        "0.5": 0.2972263792160309,
        "0.7": 0.2725794092293977,
        "1.0": 0.2289965004519013
    },
    "31.0": {
        "0.1": 0.13756931660542793,
        "0.3": 0.0929063655500655,
        "0.5": 0.0860578324747172,
        "0.7": 0.0784902968715962,
        "1.0": 0.06917047134530656
    },
    "39.0": {
        "0.1": 0.162345576693887,
        "0.3": 0.1336183627351516,
        "0.5": 0.12267853593618959,
        "0.7": 0.11494076433866099,
        "1.0": 0.09855843644178712
    },
    "13.0": {
        "0.1": 0.21638398762403668,
        "0.3": 0.2084997076657437,
        "0.5": 0.2053051333365765,
        "0.7": 0.20024192932423496,
        "1.0": 0.18233102141347904
    },
    "41.0": {
        "0.1": 0.31243007039138754,
        "0.3": 0.3059568792702391,
        "0.5": 0.30346285830857184,
        "0.7": 0.29264888352939766,
        "1.0": 0.2586306437796752
    },
    "24.0": {
        "0.1": 0.3882354355761588,
        "0.3": 0.3962740138510232,
        "0.5": 0.3985091964010391,
        "0.7": 0.3927877471088046,
        "1.0": 0.36403250831416145
    },
    "23.0": {
        "0.1": 0.5475976557313327,
        "0.3": 0.5530224043583953,
        "0.5": 0.5424693740500683,
        "0.7": 0.5207499562328809,
        "1.0": 0.46964256616491007
    },
    "42.0": {
        "0.1": 0.40641223852362457,
        "0.3": 0.40994497204261654,
        "0.5": 0.40053533751662074,
        "0.7": 0.4007470251750202,
        "1.0": 0.36955023626545197
    },
    "37.0": {
        "0.1": 0.37801895002066405,
        "0.3": 0.3857402952960048,
        "0.5": 0.3696192300335268,
        "0.7": 0.35496140445240004,
        "1.0": 0.3257635672838953
    },
    "18.0": {
        "0.1": 0.220524048363323,
        "0.3": 0.23326406704538843,
        "0.5": 0.22415611543303357,
        "0.7": 0.21738800578082199,
        "1.0": 0.18781972076932563
    },
    "16.0": {
        "0.1": 0.4048752434383043,
        "0.3": 0.40381855603093564,