{
    "32.0": {
        "0.1": 0.2641741420042055,
        "0.3": 0.24681374013998575,
        "0.5": 0.202873422462106,
        "0.7": 0.18144542563651797,
        "1.0": 0.13957144648215064
    },
    "12.0": {
        "0.1": 0.4403604045469846,
        "0.3": 0.41531934250903774,
        "0.5": 0.3678993532785141,
        "0.7": 0.3263515349639388,
        "1.0": 0.27089797299523044
    },
    "2.0": {
        "0.1": 0.4302934001722704,
        "0.3": 0.43214389030850825,
        "0.5": 0.39695112759752044,
        "0.7": 0.37591287785759225,
        "1.0": 0.32848329069668386
    },
    "4.0": {
        "0.1": 0.3332370186451735,
        "0.3": 0.30747835489027153,
        "0.5": 0.2888890214755005,
        "0.7": 0.28117185032267705,
        "1.0": 0.2504002150894935
    },
    "6.0": {
        "0.1": 0.36182331348676217,
        "0.3": 0.3507546351961507,
        "0.5": 0.3368778326813201,
        "0.7": 0.3249778488728305,
        "1.0": 0.2883360669162093
    },
    "40.0": {
        "0.1": 0.04186596496239901,
        "0.3": 0.036568302877821805,
        "0.5": 0.03432738993281452,
        "0.7": 0.03326838908828388,
        "1.0": 0.02880683891890944
    },
    "14.0": {
        "0.1": 0.34552497609868155,
        "0.3": 0.3442074142373802,
        "0.5": 0.3360479482408576,
        "0.7": 0.3146964406132592,
        "1.0": 0.27691927281142387
    },
    "54.0": {
        "0.1": 0.18491637188546237,
        "0.3": 0.17335213476138034,
        "0.5": 0.16942175801506462,
        "0.7": 0.16513292495980608,
        "1.0": 0.14795424450957154
    },
    "53.0": {
        "0.1": 0.18072682797335318,
        "0.3": 0.17811157775962733,
        "0.5": 0.1704653996220728,
        "0.7": 0.1625062558975759,
        "1.0": 0.14570516603964928
    },
    "29.0": {
        "0.1": 0.14997631193127983,
        "0.3": 0.1454143066998644,
        "0.5": 0.13681117272033488,
        "0.7": 0.12468616397138561,
        "1.0": 0.11333811948712069
    },
    "28.0": {
        "0.1": 0.45072221429376763,
        "0.3": 0.46801026751913155,
        "0.5": 0.45214605121639595,
        "0.7": 0.43876917863507375,
        "1.0": 0.38567168483941794
    },
    "22.0": {
        "0.1": 0.10312880924667059,
        "0.3": 0.10930954758395721,
        "0.5": 0.10207607679588576,
        "0.7": 0.09332388174807153,
        "1.0": 0.081801580678261
    },
    "34.0": {
        "0.1": 0.27305734827494815,
        "0.3": 0.2679029541865998,
        "0.5": 0.25136592963067356,
        "0.7": 0.2401729074652754,
        "1.0": 0.2092833013605285
    },
    "46.0": {
        "0.1": 0.2522008121940011,
        "0.3": 0.23797443020325698,
        "0.5": 0.22531800148052764,
        "0.7": 0.22064599592789405,
        "1.0": 0.19579333815847597
    },
    "26.0": {
        "0.1": 0.21619192315143693,
        "0.3": 0.22073780147721206,
        "0.5": 0.2098929861398334,
        "0.7": 0.1962556078797757,
        "1.0": 0.16692974594262808
    },
    "36.0": {
        "0.1": 0.1663999251219963,
        "0.3": 0.16702706606216006,
        "0.5": 0.15387547716289776,
        "0.7": 0.14657306706078624,
        "1.0": 0.131830192730815
    },
    "5.0": {
        "0.1": 0.4137332850825537,
        "0.3": 0.40777894704618944,
        "0.5": 0.39489880584992465,
        "0.7": 0.3684787966496304,
        "1.0": 0.32903317066548937
    },
    "25.0": {
        "0.1": 0.38135352272948636,
        "0.3": 0.37845790421329767,
        "0.5": 0.3745265218052721,
        "0.7": 0.37063325522732976,
        "1.0": 0.3374351850226963
    },
    "33.0": {
        "0.1": 0.14951231794744224,
        "0.3": 0.11792151149672239,
        "0.5": 0.10027953502335553,
        "0.7": 0.0916837458892902,
        "1.0": 0.08163400615600082
    },
    "19.0": {
        "0.1": 0.2987917793768844,
        "0.3": 0.3027679421007771,
        "0.5": 0.28702962998913845,
        "0.7": 0.28589624733716157,
        "1.0": 0.26113999273370636
    },
    "9.0": {
        "0.1": 0.43455031827544083,
        "0.3": 0.4357115865762068,
        "0.5": 0.42916411834811913,
        "0.7": 0.41696661993174716,
        "1.0": 0.37905994728183956
    },
    "27.0": {
        "0.1": 0.39524398282921525,
        "0.3": 0.3877467220140421,
        "0.5": 0.37037548642350165,
        "0.7": 0.3508211420269032,
        "1.0": 0.3141641791729318
    },
    "17.0": {
        "0.1": 0.1716295939356333,
        "0.3": 0.1681569739154215,
        "0.5": 0.16810102100213278,
        "0.7": 0.16666738982978135,
        "1.0": 0.15696052993778298
    },
    "1.0": {
        "0.1": 0.4526727456177602,
        "0.3": 0.4450350145555283,
        "0.5": 0.4430084916830367,
        "0.7": 0.4340881403366649,
        "1.0": 0.39061739007798735
    },
    "44.0": {
        "0.1": 0.2778613909933321,
        "0.3": 0.27960458345078965,
        "0.5": 0.28033040134030374,
        "0.7": 0.27472615082263163,
        "1.0": 0.25235629590499825
    },
    "15.0": {
        "0.1": 0.2204571412461639,
        "0.3": 0.22554614220030678,
        "0.5": 0.2139867932251748,
        "0.7": 0.20793838392923583,
        "1.0": 0.18277082716871354
    },
    "20.0": {
        "0.1": 0.342513885282331,
        "0.3": 0.34847397489535253,
        "0.5": 0.33440602585038265,
        "0.7": 0.3207182138742444,
        "1.0": 0.2786910468965748
    },
    "3.0": {
        "0.1": 0.10328843963676299,
        "0.3": 0.10604657977943949,
        "0.5": 0.09862063950380236,
        "0.7": 0.09462475262223365,
        "1.0": 0.08505706454380459
    },
    "10.0": {
        "0.1": 0.2972328436635508,
        "0.3": 0.2908770610447268,
        "0.5": 0.28427939030982846,
        "0.7": 0.2827303353037466,
        "1.0": 0.254122685864304
    },
    "11.0": {
        "0.1": 0.2841124207924792,
        "0.3": 0.28358544602147256,
        "0.5": 0.2879916056932283,
        "0.7": 0.29201132848707756,
        "1.0": 0.2758364445968489
    },
    "7.0": {
        "0.1": 0.32533801890538827,
        "0.3": 0.2961685082556501,
        "0.5": 0.2740595656738939,
        "0.7": 0.25321124959731256,
        "1.0": 0.21448397295546676
    },
    "31.0": {
        "0.1": 0.11336671136089617,
        "0.3": 0.08721637336676193,
        "0.5": 0.0833854439079321,
        "0.7": 0.0795015355289214,
        "1.0": 0.0650749354831304
    },
    "39.0": {
        "0.1": 0.15092885204055048,
        "0.3": 0.1347132605218699,
        "0.5": 0.12015522351066842,
        "0.7": 0.10840851584116526,
        "1.0": 0.09622544036445257
    },
    "13.0": {
        "0.1": 0.20514129976667766,
        "0.3": 0.2018874284603191,
        "0.5": 0.20828677253716701,
        "0.7": 0.19895184558526055,
        "1.0": 0.17581134145679164
    },
    "41.0": {
        "0.1": 0.31822875271432594,
        "0.3": 0.3111497538175423,
        "0.5": 0.2999341541273061,
        "0.7": 0.29058744784152635,
        "1.0": 0.2670214723337469
    },
    "24.0": {
        "0.1": 0.3800329203997025,
        "0.3": 0.391496745269011,
        "0.5": 0.3877006544932119,
        "0.7": 0.3806203711569138,
        "1.0": 0.3590715166674305
    },
    "23.0": {
        "0.1": 0.545288225781124,
        "0.3": 0.5535154585517488,
        "0.5": 0.5552369225604004,
        "0.7": 0.5333653343696008,
        "1.0": 0.48389029870930345
    },
    "42.0": {
        "0.1": 0.4158666494902664,
        "0.3": 0.42191311308074547,
        "0.5": 0.4205326867516279,
        "0.7": 0.41046213118452557,
        "1.0": 0.3704829458145626
    },
    "37.0": {
        "0.1": 0.3826074633009932,
        "0.3": 0.36418824480602113,
        "0.5": 0.35623468574988737,
        "0.7": 0.34738344897775547,
        "1.0": 0.31188397787155997
    },
    "18.0": {
        "0.1": 0.2105285478914093,
        "0.3": 0.21252680763251725,
        "0.5": 0.22026633849143212,
        "0.7": 0.21319644905810217,
        "1.0": 0.18488666330441664
    },
    "16.0": {
        "0.1": 0.40262444141689246,
        "0.3": 0.39292522274016306,