{
    "0.0": {
        "0.1": 0.2630492135593574,
        "0.3": 0.2301460119146249,
        "0.5": 0.1962979884679391,
        "0.7": 0.16959404559590815,
        "1.0": 0.13530973909913901
    },
    "23.0": {
        "0.1": 0.3108929477604206,
        "0.3": 0.2719318703284189,
        "0.5": 0.2355464394799739,
        "0.7": 0.20583988226638197,
        "1.0": 0.16268979851018867
    },
    "52.0": {
        "0.1": 0.2751100172644808,
        "0.3": 0.25128555717966183,
        "0.5": 0.2159834814404274,
        "0.7": 0.18902969991776344,
        "1.0": 0.164686630842336
    },
    "20.0": {
        "0.1": 0.2598258238884728,
        "0.3": 0.24859751919920786,
        "0.5": 0.22284243183541735,
        "0.7": 0.20935974731921866,
        "1.0": 0.17930389112611103
    },
    "3.0": {
        "0.1": 0.11629235219540987,
        "0.3": 0.11024338660476558,
        "0.5": 0.09677787921528591,
        "0.7": 0.09031462929096,
        "1.0": 0.07486654982020809
    },
    "43.0": {
        "0.1": 0.20895733278519535,
        "0.3": 0.20583329839116934,
        "0.5": 0.19961440560806878,
        "0.7": 0.18792874668385665,
        "1.0": 0.15997064631121183
    },
    "5.0": {
        "0.1": 0.11827102384244359,
        "0.3": 0.09829512592019793,
        "0.5": 0.08342694778950048,
        "0.7": 0.07407447853366736,
        "1.0": 0.06292362177798838
    },
    "33.0": {
        "0.1": 0.09832581392599518,
        "0.3": 0.09651760553600017,
        "0.5": 0.09307467316156988,
        "0.7": 0.08485272814182747,
        "1.0": 0.07726096265646028
    },
    "1.0": {
        "0.1": 0.12243763010596284,
        "0.3": 0.11420109344267562,
        "0.5": 0.09846626807963349,
        "0.7": 0.08938453680304898,
        "1.0": 0.07996741133120984
    },
    "50.0": {
        "0.1": 0.17815196396177907,
        "0.3": 0.15167542175943183,
        "0.5": 0.14351351456539324,
        "0.7": 0.14282431896386227,
        "1.0": 0.12633586052987336
    },
    "13.0": {
        "0.1": 0.12479973343123507,
        "0.3": 0.11069152331950374,
        "0.5": 0.10597960949261821,
        "0.7": 0.10115109835738123,
        "1.0": 0.09127430154259425
    },
    "2.0": {
        "0.1": 0.07562172958352818,
        "0.3": 0.07123838194806405,
        "0.5": 0.0606881936750141,
        "0.7": 0.05888262464983974,
        "1.0": 0.05664743505646745
    },
    "46.0": {
        "0.1": 0.22329599542694864,
        "0.3": 0.2103952241946424,
        "0.5": 0.20789722944749442,
        "0.7": 0.20171451371218402,
        "1.0": 0.18381082043270303
    },
    "4.0": {
        "0.1": 0.09132845043766315,
        "0.3": 0.08287678775808344,
        "0.5": 0.07726589161181034,
        "0.7": 0.07145497702638388,
        "1.0": 0.06861366761686215
    },
    "44.0": {
        "0.1": 0.029795284679211706,
        "0.3": 0.02864464007815267,
        "0.5": 0.023580801328259474,
        "0.7": 0.022582455834836406,
        "1.0": 0.022217893545038017
    },
    "47.0": {
        "0.1": 0.1028074446118302,
        "0.3": 0.09889956214032428,
        "0.5": 0.09102131340135734,
        "0.7": 0.0830002886336943,
        "1.0": 0.06971216436313098
    },
    "27.0": {
        "0.1": 0.08236779042253893,
        "0.3": 0.08983872843089633,
        "0.5": 0.08123828260695946,
        "0.7": 0.0714478047707713,
        "1.0": 0.05827346201208626
    },
    "30.0": {
        "0.1": 0.2512902929138595,
        "0.3": 0.25628743925357256,
        "0.5": 0.25456420377660843,
        "0.7": 0.24664080263980284,
        "1.0": 0.2263350727710411
    },
    "11.0": {
        "0.1": 0.1467733453971526,
        "0.3": 0.1426707576810551,
        "0.5": 0.13289665429982211,
        "0.7": 0.1258598061609074,
        "1.0": 0.11904931542029804
    },
    "48.0": {
        "0.1": 0.038916543271110535,
        "0.3": 0.03930267376537931,
        "0.5": 0.031783133341846105,
        "0.7": 0.029537162230266145,
        "1.0": 0.02998093057879992
    },
    "19.0": {
        "0.1": 0.17624474960570077,
        "0.3": 0.13590872120101208,
        "0.5": 0.11253456877736502,
        "0.7": 0.10143810273541627,
        "1.0": 0.08535253405286176
    },
    "17.0": {
        "0.1": 0.18692607264839062,
        "0.3": 0.161508153897955,
        "0.5": 0.12941063152754975,
        "0.7": 0.10906521082979272,
        "1.0": 0.08788494574092995
    },
    "18.0": {
        "0.1": 0.18797296957109216,
        "0.3": 0.17227231692387582,
        "0.5": 0.1722486414566442,
        "0.7": 0.16799790967191305,
        "1.0": 0.16362038609892898
    },
    "32.0": {
        "0.1": 0.09914689939913233,
        "0.3": 0.09083600705245576,
        "0.5": 0.08355540202636363,
        "0.7": 0.07486241659501053,
        "1.0": 0.05508529568815187
    },
    "16.0": {
        "0.1": 0.25046470953988065,
        "0.3": 0.23934667561550063,
        "0.5": 0.2359021824768332,
        "0.7": 0.23355468382485817,
        "1.0": 0.2345992030947689
    },
    "40.0": {
        "0.1": 0.05318614985581534,
        "0.3": 0.04562207085579011,
        "0.5": 0.04347182392158936,
        "0.7": 0.03851022520155504,
        "1.0": 0.036080062083481156
    },
    "29.0": {
        "0.1": 0.11558778918367957,
        "0.3": 0.06465025672971271,
        "0.5": 0.0498508291417535,
        "0.7": 0.042646902158767305,
        "1.0": 0.03805234530636707
    },
    "42.0": {
        "0.1": 0.05045747346134161,
        "0.3": 0.036083949400450475,
        "0.5": 0.03183333540301258,
        "0.7": 0.02770755437317956,
        "1.0": 0.02536818046754995
    },
    "41.0": {
        "0.1": 0.029662740181518384,
        "0.3": 0.015550783737805052,
        "0.5": 0.020250526006568285,
        "0.7": 0.02085777065523206,
        "1.0": 0.021323196505031543
    },
    "26.0": {
        "0.1": 0.05306785951151787,
        "0.3": 0.03778269335495277,
        "0.5": 0.03362693061762065,
        "0.7": 0.03004571649218408,
        "1.0": 0.030854178948759373
    },
    "45.0": {
        "0.1": 0.03766071732547425,
        "0.3": 0.035652504273100315,
        "0.5": 0.0298922320591345,
        "0.7": 0.02948989523347609,
        "1.0": 0.015900844648708317
    },
    "8.0": {
        "0.1": 0.08853113781186611,
        "0.3": 0.0802039415644147,
        "0.5": 0.07517008343152061,
        "0.7": 0.07416710472093023,
        "1.0": 0.07485514529718718
    },
    "22.0": {
        "0.1": 0.1904447008976655,
        "0.3": 0.1732040784351131,
        "0.5": 0.15564489997641331,
        "0.7": 0.1547526439602233,
        "1.0": 0.1522326531134445
    }
}