{
    "42.0": {
        "0.1": 0.2533164388798077,
        "0.3": 0.21611968700536288,
        "0.5": 0.18983099902418268,
        "0.7": 0.1690904573980996,
        "1.0": 0.1353687144929954
    },
    "44.0": {
        "0.1": 0.37530383619335334,
        "0.3": 0.37623975339589594,
        "0.5": 0.3449468191435266,
        "0.7": 0.3182221475276874,
        "1.0": 0.26858804475830156
    },
    "11.0": {
        "0.1": 0.05044701342377687,
        "0.3": 0.05058664267529024,
        "0.5": 0.051224915648403806,
        "0.7": 0.04907363355606295,
        "1.0": 0.04196396639247266
    },
    "12.0": {
        "0.1": 0.3438409346947369,
        "0.3": 0.3330430692316307,
        "0.5": 0.30831136584482793,
        "0.7": 0.2888276157810416,
        "1.0": 0.2421682362445651
    },
    "24.0": {
        "0.1": 0.2823135437616315,
        "0.3": 0.2652216007048364,
        "0.5": 0.255963095367916,
        "0.7": 0.2493705790335609,
        "1.0": 0.22819378020184972
    },
    "39.0": {
        "0.1": 0.3210524834310573,
        "0.3": 0.32058371905710187,
        "0.5": 0.31653750582481893,
        "0.7": 0.2982873208040354,
        "1.0": 0.2640934025904601
    },
    "4.0": {
        "0.1": 0.36627280787519295,
        "0.3": 0.3489374444355137,
        "0.5": 0.33397319356892324,
        "0.7": 0.3308870650490202,
        "1.0": 0.306146072363909
    },
    "38.0": {
        "0.1": 0.04525823034054284,
        "0.3": 0.03734250768113834,
        "0.5": 0.035313653595664275,
        "0.7": 0.03135515453102074,
        "1.0": 0.02429302881704633
    },
    "29.0": {
        "0.1": 0.3983178460745932,
        "0.3": 0.38175262820092115,
        "0.5": 0.357405689706865,
        "0.7": 0.33893098438359665,
        "1.0": 0.2940659092158274
    },
    "9.0": {
        "0.1": 0.19228722353969382,
        "0.3": 0.1867918316612119,
        "0.5": 0.17927011896997036,
        "0.7": 0.17224489705741483,
        "1.0": 0.15771975790131787
    },
    "16.0": {
        "0.1": 0.45517558726736257,
        "0.3": 0.4491949494688244,
        "0.5": 0.4542905531236652,
        "0.7": 0.43444319738058046,
        "1.0": 0.3899669550818797
    },
    "21.0": {
        "0.1": 0.11047332703350403,
        "0.3": 0.09922498418400369,
        "0.5": 0.09033524804902342,
        "0.7": 0.08842121138380524,
        "1.0": 0.07495192089249315
    },
    "47.0": {
        "0.1": 0.15188447649936734,
        "0.3": 0.14510519976483313,
        "0.5": 0.14077045553496131,
        "0.7": 0.13919860704314513,
        "1.0": 0.12254550885007165
    },
    "0.0": {
        "0.1": 0.20088534368840577,
        "0.3": 0.16611781605353593,
        "0.5": 0.14083765807124884,
        "0.7": 0.12729512826382003,
        "1.0": 0.1054521313900607
    },
    "7.0": {
        "0.1": 0.610598758150381,
        "0.3": 0.6083910947449206,
        "0.5": 0.5832399013827865,
        "0.7": 0.556292131440278,
        "1.0": 0.48736658333472704
    },
    "48.0": {
        "0.1": 0.1777330771622609,
        "0.3": 0.16270773452949228,
        "0.5": 0.1499220479781133,
        "0.7": 0.14089423762803543,
        "1.0": 0.11741344659066798
    },
    "52.0": {
        "0.1": 0.20271968437259283,
        "0.3": 0.20769429615649174,
        "0.5": 0.20529198722906666,
        "0.7": 0.19396121012255185,
        "1.0": 0.1822151804169863
    },
    "27.0": {
        "0.1": 0.45600304360947547,
        "0.3": 0.45569598486495866,
        "0.5": 0.43929816748100164,
        "0.7": 0.4299881561530154,
        "1.0": 0.3717790352591925
    },
    "10.0": {
        "0.1": 0.22991597847391151,
        "0.3": 0.24013265774916398,
        "0.5": 0.22543042972321445,
        "0.7": 0.21970142714122282,
        "1.0": 0.19679975048479645
    },
    "37.0": {
        "0.1": 0.3168062146006022,
        "0.3": 0.3194172263173835,
        "0.5": 0.31151777214622023,
        "0.7": 0.30403303820858857,
        "1.0": 0.26658890671447577
    },
    "40.0": {
        "0.1": 0.3894842348982694,
        "0.3": 0.3903279881604159,
        "0.5": 0.3744060399957085,
        "0.7": 0.3581291360355696,
        "1.0": 0.3079439441435418
    },
    "49.0": {
        "0.1": 0.3417844867162117,
        "0.3": 0.29188149882141273,
        "0.5": 0.25040662591461144,
        "0.7": 0.22410398885613078,
        "1.0": 0.19657255539858645
    },
    "5.0": {
        "0.1": 0.3638650539652059,
        "0.3": 0.3551222555213269,
        "0.5": 0.3382674355854051,
        "0.7": 0.3296769038694181,
        "1.0": 0.29769041677626523
    },
    "33.0": {
        "0.1": 0.14553234159795406,
        "0.3": 0.13709472936096292,
        "0.5": 0.13055088840193482,
        "0.7": 0.1240242228562313,
        "1.0": 0.09989426269226356
    },
    "36.0": {
        "0.1": 0.2972064847522894,
        "0.3": 0.29568192008716726,
        "0.5": 0.29836374613453903,
        "0.7": 0.291931157401544,
        "1.0": 0.26945693707970214
    },
    "50.0": {
        "0.1": 0.275344517163422,
        "0.3": 0.26830990165125246,
        "0.5": 0.2686561899089257,
        "0.7": 0.26575029328434235,
        "1.0": 0.24757019008745063
    },
    "45.0": {
        "0.1": 0.1346177481527565,
        "0.3": 0.11876191527081156,
        "0.5": 0.10279537657697362,
        "0.7": 0.09478720859635179,
        "1.0": 0.08175462603124267
    },
    "51.0": {
        "0.1": 0.1098439580724126,
        "0.3": 0.10489508529320654,
        "0.5": 0.10645979678593749,
        "0.7": 0.10665898805775964,
        "1.0": 0.09779580183144032
    },
    "41.0": {
        "0.1": 0.18910369082824766,
        "0.3": 0.19114344346465487,
        "0.5": 0.18636809851721023,
        "0.7": 0.17993591410203497,
        "1.0": 0.16945487596954273
    },
    "3.0": {
        "0.1": 0.15927064063436333,
        "0.3": 0.13297225380885475,
        "0.5": 0.12440476687277738,
        "0.7": 0.11402605090806338,
        "1.0": 0.09798598154988611
    },
    "14.0": {
        "0.1": 0.35019191842588293,
        "0.3": 0.35171031544584236,
        "0.5": 0.33366502168328055,
        "0.7": 0.3261472505956895,
        "1.0": 0.2823095911528009
    },
    "15.0": {
        "0.1": 0.4416359192430571,
        "0.3": 0.44225074165685574,
        "0.5": 0.438625794669085,
        "0.7": 0.42631507851200545,
        "1.0": 0.39171079125726066
    },
    "25.0": {
        "0.1": 0.2718089913972383,
        "0.3": 0.26195342332232086,
        "0.5": 0.24836738782603196,
        "0.7": 0.23917287291252592,
        "1.0": 0.22312512054904055
    },
    "26.0": {
        "0.1": 0.4140576189227494,
        "0.3": 0.4146730045657713,
        "0.5": 0.38858701153267033,
        "0.7": 0.364704400354058,
        "1.0": 0.32457350058819956
    },
    "22.0": {
        "0.1": 0.09962940616184296,
        "0.3": 0.08816097336777558,
        "0.5": 0.07230695678368222,
        "0.7": 0.06511045263946272,
        "1.0": 0.05675394797848132
    },
    "19.0": {
        "0.1": 0.3577044114616951,
        "0.3": 0.34378290127763955,
        "0.5": 0.33015921983836066,
        "0.7": 0.32234134105865386,
        "1.0": 0.2738398838336524
    },
    "6.0": {
        "0.1": 0.5416662550694694,
        "0.3": 0.5478182299648077,
        "0.5": 0.5441439805516204,
        "0.7": 0.5330107098614782,
        "1.0": 0.4827683201558288
    },
    "53.0": {
        "0.1": 0.20597781043242339,
        "0.3": 0.20127900652620148,
        "0.5": 0.20131266764977554,
        "0.7": 0.19458475922613352,
        "1.0": 0.17850650150179775
    },
    "20.0": {
        "0.1": 0.250631566083766,
        "0.3": 0.25695712503822404,
        "0.5": 0.2502393134923134,
        "0.7": 0.238962390514911,
        "1.0": 0.21273073798147057
    },
    "23.0": {
        "0.1": 0.5970543690141348,
        "0.3": 0.5841499277501516,
        "0.5": 0.5724056789590057,
        "0.7": 0.5539550073977726,
        "1.0": 0.4831006710111081
    },
    "31.0": {
        "0.1": 0.39566062049627454,
        "0.3": 0.397652621125436,