{
    "32.0": {
        "0.1": 0.24296621872015314,
        "0.3": 0.23105485972134615,
        "0.5": 0.19712932557180135,
        "0.7": 0.17236135905484423,
        "1.0": 0.13555344184047136
    },
    "12.0": {
        "0.1": 0.4478446057704031,
        "0.3": 0.40774245054746466,
        "0.5": 0.3623293102558928,
        "0.7": 0.324492917966907,
        "1.0": 0.26421397675502584
    },
    "2.0": {
        "0.1": 0.4249876157871262,
        "0.3": 0.4090349681555779,
        "0.5": 0.39501939631474264,
        "0.7": 0.370259633136269,
        "1.0": 0.32352937288589545
    },
    "4.0": {
        "0.1": 0.3412729949566791,
        "0.3": 0.31167882124424123,
        "0.5": 0.30486610046263984,
        "0.7": 0.2981693014619872,
        "1.0": 0.26583507536715795
    },
    "6.0": {
        "0.1": 0.37659117840431494,
        "0.3": 0.3718817592894003,
        "0.5": 0.3536132587107245,
        "0.7": 0.3397917524151818,
        "1.0": 0.2984998313716121
    },
    "40.0": {
        "0.1": 0.036109955121081304,
        "0.3": 0.03571445966697176,
        "0.5": 0.029708220339741565,
        "0.7": 0.026047733558898764,
        "1.0": 0.023275931654442895
    },
    "14.0": {
        "0.1": 0.3446748581177599,
        "0.3": 0.3500597564491041,
        "0.5": 0.3278908518761605,
        "0.7": 0.31402073662355057,
        "1.0": 0.26800666722609456
    },
    "54.0": {
        "0.1": 0.18905247726031318,
        "0.3": 0.18161950604615046,
        "0.5": 0.17376076055355175,
        "0.7": 0.16518944382980597,
        "1.0": 0.15398206674691114
    },
    "53.0": {
        "0.1": 0.1650217587019639,
        "0.3": 0.17262614529574186,
        "0.5": 0.17311280522369799,
        "0.7": 0.169692582961573,
        "1.0": 0.14511965772742266
    },
    "29.0": {
        "0.1": 0.13492993517409754,
        "0.3": 0.13322525599381976,
        "0.5": 0.12640954043444327,
        "0.7": 0.12203559466395827,
        "1.0": 0.1091763298210503
    },
    "28.0": {
        "0.1": 0.4927247527356103,
        "0.3": 0.4958161271021555,
        "0.5": 0.48132593158763515,
        "0.7": 0.4602609358438761,
        "1.0": 0.40262953723420436
    },
    "22.0": {
        "0.1": 0.11309933823024032,
        "0.3": 0.11269947442174182,
        "0.5": 0.10157872930994316,
        "0.7": 0.09729388453656355,
        "1.0": 0.08229129056080399
    },
    "34.0": {
        "0.1": 0.27155275604433965,
        "0.3": 0.2600851902836206,
        "0.5": 0.2521340552065982,
        "0.7": 0.23612038356581755,
        "1.0": 0.20156560242163515
    },
    "46.0": {
        "0.1": 0.2542651656726871,
        "0.3": 0.24546797790698655,
        "0.5": 0.23086778621799608,
        "0.7": 0.22491896432284095,
        "1.0": 0.1934636616964061
    },
    "26.0": {
        "0.1": 0.23688707977638132,
        "0.3": 0.22894007807050273,
        "0.5": 0.21198370576920222,
        "0.7": 0.1991672807893996,
        "1.0": 0.16897722906906956
    },
    "36.0": {
        "0.1": 0.1703169150192919,
        "0.3": 0.16141440155677791,
        "0.5": 0.1469465933806187,
        "0.7": 0.14059140144593482,
        "1.0": 0.13411662804012844
    },
    "5.0": {
        "0.1": 0.41638105538574705,
        "0.3": 0.40931681292077854,
        "0.5": 0.38833148133916595,
        "0.7": 0.37248126615327465,
        "1.0": 0.33481788941830565
    },
    "25.0": {
        "0.1": 0.3767067213929811,
        "0.3": 0.37873935087772964,
        "0.5": 0.3708313733600503,
        "0.7": 0.36100003868177744,
        "1.0": 0.3440155076309248
    },
    "33.0": {
        "0.1": 0.1372760092259389,
        "0.3": 0.12517133250543502,
        "0.5": 0.11288958592514725,
        "0.7": 0.10645508067254235,
        "1.0": 0.08656481165411439
    },
    "19.0": {
        "0.1": 0.30904072171549424,
        "0.3": 0.31700494096692244,
        "0.5": 0.30281895448803087,
        "0.7": 0.29194197454954973,
        "1.0": 0.26017954322659415
    },
    "9.0": {
        "0.1": 0.4417464428075689,
        "0.3": 0.4493070638704044,
        "0.5": 0.4499305948851866,
        "0.7": 0.43521009037358505,
        "1.0": 0.39389759387402706
    },
    "27.0": {
        "0.1": 0.4166723871381194,
        "0.3": 0.39445596994625487,
        "0.5": 0.3814741954865687,
        "0.7": 0.35853750910748133,
        "1.0": 0.31072000566058483
    },
    "17.0": {
        "0.1": 0.173273386064836,
        "0.3": 0.17269982033961068,
        "0.5": 0.17085499172151952,
        "0.7": 0.16827006297410635,
        "1.0": 0.15348452132831547
    },
    "1.0": {
        "0.1": 0.46007762423436377,
        "0.3": 0.4503727737055213,
        "0.5": 0.43347009127163694,
        "0.7": 0.4207898287154607,
        "1.0": 0.3791511368164353
    },
    "44.0": {
        "0.1": 0.2967437280169841,
        "0.3": 0.288574398325679,
        "0.5": 0.2853043754550006,
        "0.7": 0.27661843546692544,
        "1.0": 0.2579258128728009
    },
    "15.0": {
        "0.1": 0.22621115414248924,
        "0.3": 0.2271858103145505,
        "0.5": 0.2240934736240661,
        "0.7": 0.21708030771077244,
        "1.0": 0.18161554459385598
    },
    "20.0": {
        "0.1": 0.351804060820718,
        "0.3": 0.3455327059742784,
        "0.5": 0.33730567705011666,
        "0.7": 0.3261316792322614,
        "1.0": 0.28090554611317964
    },
    "3.0": {
        "0.1": 0.11146539250491742,
        "0.3": 0.11273252405950561,
        "0.5": 0.10546211692996853,
        "0.7": 0.10093846771894086,
        "1.0": 0.08196728975545171
    },
    "10.0": {
        "0.1": 0.30299567631494556,
        "0.3": 0.30216830979901316,
        "0.5": 0.30359723096344904,
        "0.7": 0.29814423365386183,
        "1.0": 0.25921574878284703
    },
    "11.0": {
        "0.1": 0.29881871691745604,
        "0.3": 0.299440542018905,
        "0.5": 0.2955914746367388,
        "0.7": 0.2847040128124234,
        "1.0": 0.27075020805976274
    },
    "7.0": {
        "0.1": 0.3529196703339082,
        "0.3": 0.3129731149246451,
        "0.5": 0.2749168514917217,
        "0.7": 0.24706438004103506,
        "1.0": 0.20900218834085377
    },
    "31.0": {
        "0.1": 0.11804754719536828,
        "0.3": 0.08657398794832367,
        "0.5": 0.0824497350117956,
        "0.7": 0.07717168613901906,
        "1.0": 0.06613286214219605
    },
    "39.0": {
        "0.1": 0.15364698067616395,
        "0.3": 0.13379246012914417,
        "0.5": 0.11864817297528835,
        "0.7": 0.1129179513818217,
        "1.0": 0.10157626285689048
    },
    "13.0": {
        "0.1": 0.2066238187171583,
        "0.3": 0.20437021879701597,
        "0.5": 0.20280745995722468,
        "0.7": 0.1988712270613334,
        "1.0": 0.17294132237128593
    },
    "41.0": {
        "0.1": 0.32502888830751736,
        "0.3": 0.3143592738983736,
        "0.5": 0.3032832043819773,
        "0.7": 0.2832896590626916,
        "1.0": 0.2504288332588196
    },
    "24.0": {
        "0.1": 0.3851036017371729,
        "0.3": 0.3917450437317804,
        "0.5": 0.38952994396504315,
        "0.7": 0.3794816607503556,
        "1.0": 0.35508537185506434
    },
    "23.0": {
        "0.1": 0.5570848794164894,
        "0.3": 0.5570702488095203,
        "0.5": 0.5516185856947912,
        "0.7": 0.535258906924754,
        "1.0": 0.4821217202048622
    },
    "42.0": {
        "0.1": 0.42637937329230247,
        "0.3": 0.4251589030481865,
        "0.5": 0.4320343955986488,
        "0.7": 0.4239813006888697,
        "1.0": 0.3785102304018741
    },
    "37.0": {
        "0.1": 0.37761691150409143,
        "0.3": 0.36823297062818255,
        "0.5": 0.3644177213734436,
        "0.7": 0.351592519877048,
        "1.0": 0.32034393554720636
    },
    "18.0": {
        "0.1": 0.22667464993309494,
        "0.3": 0.22793041013287996,
        "0.5": 0.22259817886985073,
        "0.7": 0.21551621294079598,
        "1.0": 0.18415906424841913
    },
    "16.0": {
        "0.1": 0.3995929825916163,
        "0.3": 0.36976193305833555,