{
    "6.0": {
        "0.1": 0.2760926110244355,
        "0.3": 0.22960495860166952,
        "0.5": 0.19608812649630625,
        "0.7": 0.17233949040156127,
        "1.0": 0.13834332173153308
    },
    "2.0": {
        "0.1": 0.39959543528735303,
        "0.3": 0.3669944968409834,
        "0.5": 0.31467688596976406,
        "0.7": 0.28480635163762763,
        "1.0": 0.23198028963091108
    },
    "22.0": {
        "0.1": 0.03457614455136988,
        "0.3": 0.03277836023298555,
        "0.5": 0.03916927899081455,
        "0.7": 0.03298436712264904,
        "1.0": 0.02904125016774701
    },
    "26.0": {
        "0.1": 0.3869235678951257,
        "0.3": 0.37891836753776387,
        "0.5": 0.367379507147713,
        "0.7": 0.3518263422618804,
        "1.0": 0.3107819097573442
    },
    "9.0": {
        "0.1": 0.34165830285844306,
        "0.3": 0.33317527145045145,
        "0.5": 0.3261860301403373,
        "0.7": 0.3142919478943296,
        "1.0": 0.26650123572515866
    },
    "35.0": {
        "0.1": 0.4339039314078568,
        "0.3": 0.4357172110751758,
        "0.5": 0.40313276640458284,
        "0.7": 0.3757429127629871,
        "1.0": 0.3239145447592405
    },
    "14.0": {
        "0.1": 0.3929208995478392,
        "0.3": 0.3861378922468059,
        "0.5": 0.37172310450161133,
        "0.7": 0.35806957078835544,
        "1.0": 0.3284198062314362
    },
    "10.0": {
        "0.1": 0.04188759501910381,
        "0.3": 0.03199267399685239,
        "0.5": 0.029225905257314822,
        "0.7": 0.02735279646878861,
        "1.0": 0.023907764522662217
    },
    "13.0": {
        "0.1": 0.37060884432652247,
        "0.3": 0.36005926307424774,
        "0.5": 0.3385590703107932,
        "0.7": 0.31879414576529735,
        "1.0": 0.2811745125107825
    },
    "28.0": {
        "0.1": 0.3077314078366929,
        "0.3": 0.26570610809502715,
        "0.5": 0.24650143291291385,
        "0.7": 0.22910612163631672,
        "1.0": 0.19500517643467177
    },
    "52.0": {
        "0.1": 0.35666619504824204,
        "0.3": 0.3360863365632643,
        "0.5": 0.330142559479273,
        "0.7": 0.31118525149398957,
        "1.0": 0.2720097700799578
    },
    "29.0": {
        "0.1": 0.22889578463921098,
        "0.3": 0.2184250062507273,
        "0.5": 0.21572766744400076,
        "0.7": 0.21003379057751406,
        "1.0": 0.18563302598653741
    },
    "3.0": {
        "0.1": 0.16795225297903968,
        "0.3": 0.16811718565382705,
        "0.5": 0.16896621322172883,
        "0.7": 0.16122080991968446,
        "1.0": 0.14772080809074634
    },
    "20.0": {
        "0.1": 0.12305717060145742,
        "0.3": 0.11060416241597214,
        "0.5": 0.10713120026206284,
        "0.7": 0.09786383803961503,
        "1.0": 0.07882689150227187
    },
    "24.0": {
        "0.1": 0.4458734762145569,
        "0.3": 0.45129782667866897,
        "0.5": 0.4399329491600449,
        "0.7": 0.4214499922342462,
        "1.0": 0.3643075308926836
    },
    "32.0": {
        "0.1": 0.18676127389743877,
        "0.3": 0.18098263624938998,
        "0.5": 0.17061094333136453,
        "0.7": 0.17126007450668979,
        "1.0": 0.1520407952715421
    },
    "18.0": {
        "0.1": 0.1555888301262544,
        "0.3": 0.14848150424826478,
        "0.5": 0.13540718370669505,
        "0.7": 0.13035182305894089,
        "1.0": 0.12436150487358683
    },
    "48.0": {
        "0.1": 0.58519423630834,
        "0.3": 0.5831402520831991,
        "0.5": 0.5643755125015101,
        "0.7": 0.5311341453247248,
        "1.0": 0.47428529051281887
    },
    "53.0": {
        "0.1": 0.32394244638017755,
        "0.3": 0.31872159253890336,
        "0.5": 0.3214067865968881,
        "0.7": 0.3084491312423314,
        "1.0": 0.27470176421824755
    },
    "49.0": {
        "0.1": 0.3284301880116996,
        "0.3": 0.33384793106916905,
        "0.5": 0.3311746501889665,
        "0.7": 0.3203842440566238,
        "1.0": 0.297886872655316
    },
    "54.0": {
        "0.1": 0.3569749236036043,
        "0.3": 0.3641195097733144,
        "0.5": 0.35193315723207996,
        "0.7": 0.3443225510438967,
        "1.0": 0.30125235837057035
    },
    "40.0": {
        "0.1": 0.21224006973995146,
        "0.3": 0.2078899271961449,
        "0.5": 0.2027807247207501,
        "0.7": 0.19575880713824795,
        "1.0": 0.17151692022454226
    },
    "42.0": {
        "0.1": 0.29925226901844015,
        "0.3": 0.2965311579707655,
        "0.5": 0.29366799780670855,
        "0.7": 0.2880678709932195,
        "1.0": 0.27387095005367335
    },
    "39.0": {
        "0.1": 0.2694270182761841,
        "0.3": 0.2672899933882802,
        "0.5": 0.2622878671839709,
        "0.7": 0.25038248023927523,
        "1.0": 0.2157861310814117
    },
    "1.0": {
        "0.1": 0.3559658385984264,
        "0.3": 0.3558268701812482,
        "0.5": 0.35213963129642534,
        "0.7": 0.3401790715108695,
        "1.0": 0.30095292056191414
    },
    "34.0": {
        "0.1": 0.09644033648953507,
        "0.3": 0.07752482554059525,
        "0.5": 0.07441045780199708,
        "0.7": 0.0683715456097549,
        "1.0": 0.06624298253341186
    },
    "37.0": {
        "0.1": 0.11874701560374995,
        "0.3": 0.1082686926689724,
        "0.5": 0.10630868453770609,
        "0.7": 0.09941836667521936,
        "1.0": 0.08573396216786339
    },
    "50.0": {
        "0.1": 0.20705017351054622,
        "0.3": 0.21277657688972312,
        "0.5": 0.21031876124670582,
        "0.7": 0.19788378758668843,
        "1.0": 0.17439179385670045
    },
    "16.0": {
        "0.1": 0.3849786251598325,
        "0.3": 0.3801770059655111,
        "0.5": 0.356526189889597,
        "0.7": 0.34033274345828474,
        "1.0": 0.3152537393531583
    },
    "5.0": {
        "0.1": 0.39245943252374316,
        "0.3": 0.39420887876719063,
        "0.5": 0.38239342195270626,
        "0.7": 0.37385133310288865,
        "1.0": 0.33572870684038797
    },
    "27.0": {
        "0.1": 0.18006407506126268,
        "0.3": 0.17706939962141938,
        "0.5": 0.17574159186783375,
        "0.7": 0.17230337528995435,
        "1.0": 0.14563042201338328
    },
    "47.0": {
        "0.1": 0.4322378792106003,
        "0.3": 0.43479897505586307,
        "0.5": 0.42672753019030024,
        "0.7": 0.42131690632328755,
        "1.0": 0.38171302371133464
    },
    "17.0": {
        "0.1": 0.24890264042687227,
        "0.3": 0.2570836380776643,
        "0.5": 0.24709325482651961,
        "0.7": 0.2375854736399007,
        "1.0": 0.20784583659488148
    },
    "0.0": {
        "0.1": 0.5029218081781667,
        "0.3": 0.5078754000033256,
        "0.5": 0.4887239965956408,
        "0.7": 0.47224154714006017,
        "1.0": 0.4249899964946953
    },
    "23.0": {
        "0.1": 0.3814453706649131,
        "0.3": 0.3728884070756897,
        "0.5": 0.365304058553351,
        "0.7": 0.35200183635046867,
        "1.0": 0.31022684340169915
    },
    "43.0": {
        "0.1": 0.12161891647950564,
        "0.3": 0.11806138263355463,
        "0.5": 0.1153628190238066,
        "0.7": 0.11525083680161124,
        "1.0": 0.10330157800232896
    },
    "19.0": {
        "0.1": 0.2110214050057406,
        "0.3": 0.21379545264279762,
        "0.5": 0.21472517261689922,
        "0.7": 0.20940083094048362,
        "1.0": 0.18643356416179985
    },
    "8.0": {
        "0.1": 0.3657112064662498,
        "0.3": 0.36684094315317073,
        "0.5": 0.34183293734100034,
        "0.7": 0.32882057976713286,
        "1.0": 0.28745679074645303
    },
    "31.0": {
        "0.1": 0.4376406941789122,
        "0.3": 0.43404386004886447,
        "0.5": 0.4335501277125195,
        "0.7": 0.42455003228788313,
        "1.0": 0.39145612823339077
    },
    "30.0": {
        "0.1": 0.4393661968793491,
        "0.3": 0.4556671913259024,
        "0.5": 0.44516287780555946,
        "0.7": 0.4314170524494532,
        "1.0": 0.4126509037252959
    },
    "44.0": {
        "0.1": 0.47380720536812393,
        "0.3": 0.47857740053138825,