{
    "47.0": {
        "0.1": 0.3034340192647687,
        "0.3": 0.23940752575573093,
        "0.5": 0.19983865354236663,
        "0.7": 0.17473242713659037,
        "1.0": 0.14183988864596384
    },
    "51.0": {
        "0.1": 0.02747193929225065,
        "0.3": 0.02579255067200246,
        "0.5": 0.028248377665863255,
        "0.7": 0.027702090948850885,
        "1.0": 0.024210942428016545
    },
    "16.0": {
        "0.1": 0.39792417569250543,
        "0.3": 0.40889094782618884,
        "0.5": 0.4030618188669648,
        "0.7": 0.3841784941576664,
        "1.0": 0.3330942055993456
    },
    "9.0": {
        "0.1": 0.38533588991664103,
        "0.3": 0.3773847040198315,
        "0.5": 0.3663144300380054,
        "0.7": 0.35271366380584257,
        "1.0": 0.32256505746691333
    },
    "15.0": {
        "0.1": 0.27303313786242905,
        "0.3": 0.2784425868199694,
        "0.5": 0.25965491373729566,
        "0.7": 0.24905526202255357,
        "1.0": 0.222555650118687
    },
    "22.0": {
        "0.1": 0.033982908228359233,
        "0.3": 0.028097292974285034,
        "0.5": 0.028135867362037447,
        "0.7": 0.025231841697092056,
        "1.0": 0.020036285263792534
    },
    "3.0": {
        "0.1": 0.3275475373803697,
        "0.3": 0.3257993303313751,
        "0.5": 0.32230744972853315,
        "0.7": 0.3023131934001373,
        "1.0": 0.254146055756822
    },
    "0.0": {
        "0.1": 0.2676598294386689,
        "0.3": 0.2598037899500032,
        "0.5": 0.24996540132122302,
        "0.7": 0.24238789440618647,
        "1.0": 0.22007397212423668
    },
    "23.0": {
        "0.1": 0.16866925530723734,
        "0.3": 0.15810996997616036,
        "0.5": 0.14453406705997968,
        "0.7": 0.14059120384521948,
        "1.0": 0.12003107382011638
    },
    "4.0": {
        "0.1": 0.5279737864253051,
        "0.3": 0.5198440018271837,
        "0.5": 0.4896981755904716,
        "0.7": 0.460235593601969,
        "1.0": 0.39830335513229165
    },
    "25.0": {
        "0.1": 0.103280280373947,
        "0.3": 0.07890008780316081,
        "0.5": 0.07657575471331554,
        "0.7": 0.07094836285788622,
        "1.0": 0.06816885450497923
    },
    "11.0": {
        "0.1": 0.1483524519180364,
        "0.3": 0.14211828273535818,
        "0.5": 0.1377073729280939,
        "0.7": 0.13224976936043398,
        "1.0": 0.11552451647034738
    },
    "40.0": {
        "0.1": 0.19364355162847702,
        "0.3": 0.18469329293326278,
        "0.5": 0.1760485733589119,
        "0.7": 0.16863685486397056,
        "1.0": 0.15338143307769228
    },
    "18.0": {
        "0.1": 0.16002201108603953,
        "0.3": 0.1570670858339161,
        "0.5": 0.15401960809104837,
        "0.7": 0.1514719887609256,
        "1.0": 0.14458358640428703
    },
    "37.0": {
        "0.1": 0.1144840186500451,
        "0.3": 0.11199918499020488,
        "0.5": 0.10738690230290521,
        "0.7": 0.0965622597073435,
        "1.0": 0.08662707427917388
    },
    "24.0": {
        "0.1": 0.45427045929518256,
        "0.3": 0.4507035546044467,
        "0.5": 0.4430504045678811,
        "0.7": 0.43200165057872225,
        "1.0": 0.3892734093245428
    },
    "5.0": {
        "0.1": 0.3970335788139973,
        "0.3": 0.3888348093734036,
        "0.5": 0.3683799726590952,
        "0.7": 0.3631692508697069,
        "1.0": 0.32884090432278046
    },
    "12.0": {
        "0.1": 0.3734055793275413,
        "0.3": 0.37275594228713266,
        "0.5": 0.3625577904984816,
        "0.7": 0.3538132459647204,
        "1.0": 0.3217848972147316
    },
    "10.0": {
        "0.1": 0.5637835685159996,
        "0.3": 0.5593571420597722,
        "0.5": 0.5443939347787311,
        "0.7": 0.5168319229364582,
        "1.0": 0.4597388176945721
    },
    "7.0": {
        "0.1": 0.26339244900172476,
        "0.3": 0.25912162637842145,
        "0.5": 0.25332204152776017,
        "0.7": 0.24534235604095678,
        "1.0": 0.21748291971529846
    },
    "21.0": {
        "0.1": 0.4222202371309079,
        "0.3": 0.4157396029951087,
        "0.5": 0.3944728525547417,
        "0.7": 0.3677138332247049,
        "1.0": 0.31839967540488323
    },
    "34.0": {
        "0.1": 0.30085479260949816,
        "0.3": 0.30242898504705346,
        "0.5": 0.2990831897329948,
        "0.7": 0.29653014051945875,
        "1.0": 0.2704394051648802
    },
    "49.0": {
        "0.1": 0.1319538953369241,
        "0.3": 0.12693147690899256,
        "0.5": 0.1170015717233037,
        "0.7": 0.11290664399769046,
        "1.0": 0.10427358675252395
    },
    "46.0": {
        "0.1": 0.22898202229736206,
        "0.3": 0.22386631255300962,
        "0.5": 0.21324869851743317,
        "0.7": 0.205301349770332,
        "1.0": 0.1812891288372498
    },
    "33.0": {
        "0.1": 0.01803394044826977,
        "0.3": 0.018453941502235817,
        "0.5": 0.015813390267457542,
        "0.7": 0.01656141616631781,
        "1.0": 0.013629327372214992
    },
    "17.0": {
        "0.1": 0.34212817639986787,
        "0.3": 0.2983457416129544,
        "0.5": 0.25426313049756233,
        "0.7": 0.2329306877724885,
        "1.0": 0.2043158970965646
    },
    "19.0": {
        "0.1": 0.12950746603455054,
        "0.3": 0.14142534998615713,
        "0.5": 0.13470874876944416,
        "0.7": 0.13162152085014053,
        "1.0": 0.125603321935591
    },
    "27.0": {
        "0.1": 0.17152384824966035,
        "0.3": 0.16405823299410302,
        "0.5": 0.14451089378113313,
        "0.7": 0.13682011758908266,
        "1.0": 0.12025016227446414
    },
    "29.0": {
        "0.1": 0.168421555018016,
        "0.3": 0.17334762904586348,
        "0.5": 0.16766827531487694,
        "0.7": 0.16175402134357703,
        "1.0": 0.14612298989893438
    },
    "52.0": {
        "0.1": 0.37295875480081586,
        "0.3": 0.38627088841591856,
        "0.5": 0.3834193607599606,
        "0.7": 0.3679744522862382,
        "1.0": 0.3372955010942799
    },
    "14.0": {
        "0.1": 0.3269371087815944,
        "0.3": 0.3307121091140679,
        "0.5": 0.3258883967396292,
        "0.7": 0.31816105612175405,
        "1.0": 0.2846991662889266
    },
    "2.0": {
        "0.1": 0.2901261572496063,
        "0.3": 0.28138616094467533,
        "0.5": 0.26399645829640134,
        "0.7": 0.25389059555040006,
        "1.0": 0.22505200590701296
    },
    "31.0": {
        "0.1": 0.551966571975896,
        "0.3": 0.559495314514731,
        "0.5": 0.5442260054269454,
        "0.7": 0.5232481544413011,
        "1.0": 0.47132874749558623
    },
    "53.0": {
        "0.1": 0.21614836367516688,
        "0.3": 0.21380238283119493,
        "0.5": 0.20463972737961153,
        "0.7": 0.20394799730736715,
        "1.0": 0.18793597776174803
    },
    "30.0": {
        "0.1": 0.20725321215905523,
        "0.3": 0.20386259776826102,
        "0.5": 0.19872343105082252,
        "0.7": 0.1893854232596569,
        "1.0": 0.16935295550914042
    },
    "54.0": {
        "0.1": 0.1083136388760359,
        "0.3": 0.1050941535921269,
        "0.5": 0.09867987883732997,
        "0.7": 0.0978296389264116,
        "1.0": 0.09225453293930902
    },
    "43.0": {
        "0.1": 0.4182293936830625,
        "0.3": 0.40191324878526485,
        "0.5": 0.4010166973069613,
        "0.7": 0.38532791437738767,
        "1.0": 0.33353660785995876
    },
    "42.0": {
        "0.1": 0.5246881916596379,
        "0.3": 0.5197888383390538,
        "0.5": 0.5048190534468704,
        "0.7": 0.4968614841546834,
        "1.0": 0.4654151036195063
    },
    "32.0": {
        "0.1": 0.31407235886972207,
        "0.3": 0.31379132219298933,
        "0.5": 0.3044538995498235,
        "0.7": 0.30400794404618453,
        "1.0": 0.2705394699854877
    },
    "44.0": {
        "0.1": 0.6093896707225739,
        "0.3": 0.6063166559165416,
        "0.5": 0.5861630294980751,
        "0.7": 0.5654847667279352,
        "1.0": 0.5113926406477893
    },
    "45.0": {
        "0.1": 0.23156600489383647,
        "0.3": 0.23333873610533332,