antecedents,consequents,antecedent support,consequent support,support,confidence,lift,representativity,leverage,conviction,zhangs_metric,jaccard,certainty,kulczynski
frozenset({'So What'}),frozenset({'Blue in Green'}),0.033468559837728194,0.02636916835699797,0.018255578093306288,0.5454545454545454,20.685314685314683,1.0,0.017373040004278972,2.1419878296146044,0.9846100034977266,0.43902439024390244,0.5331439393939393,0.6188811188811189
frozenset({'Blue in Green'}),frozenset({'So What'}),0.02636916835699797,0.033468559837728194,0.018255578093306288,0.6923076923076923,20.685314685314687,1.0,0.017373040004278972,3.141227180527383,0.9774305555555557,0.43902439024390244,0.6816530793445799,0.6188811188811189
"frozenset({""'Round Midnight""})",frozenset({'Summertime'}),0.03144016227180527,0.057809330628803245,0.015212981744421906,0.4838709677419355,8.37011884550085,1.0,0.01339544700862789,1.8254944219066938,0.909109947643979,0.2054794520547945,0.4522032015000521,0.37351443123938877
frozenset({'So What'}),frozenset({'Freddie Freeloader'}),0.033468559837728194,0.02028397565922921,0.016227180527383367,0.48484848484848486,23.903030303030302,1.0,0.015548305074285432,1.9018016943085552,0.9913431269674711,0.43243243243243246,0.474182822008909,0.6424242424242425
frozenset({'Freddie Freeloader'}),frozenset({'So What'}),0.02028397565922921,0.033468559837728194,0.016227180527383367,0.8,23.903030303030306,1.0,0.015548305074285432,4.83265720081136,0.9780020703933747,0.43243243243243246,0.793074501573977,0.6424242424242425
