antecedents,consequents,antecedent support,consequent support,support,confidence,lift,representativity,leverage,conviction,zhangs_metric,jaccard,certainty,kulczynski
frozenset({'Gypsy'}),frozenset({'Venus'}),0.023676880222841225,0.02158774373259053,0.018802228412256268,0.7941176470588236,36.78557874762809,1.0,0.01829109798961833,4.752288101870276,0.9964072489036825,0.7105263157894738,0.7895750471006909,0.8325426944971537
frozenset({'Venus'}),frozenset({'Gypsy'}),0.02158774373259053,0.023676880222841225,0.018802228412256268,0.8709677419354839,36.78557874762809,1.0,0.01829109798961833,7.5665041782729805,0.9942796889416108,0.7105263157894738,0.867838571625788,0.8325426944971537
frozenset({'Donatella'}),frozenset({'Gypsy'}),0.020891364902506964,0.023676880222841225,0.016016713091922007,0.7666666666666667,32.38039215686275,1.0,0.01552207074743368,4.18424194190211,0.9897952872781248,0.5609756097560976,0.7610080836899668,0.7215686274509805
frozenset({'Gypsy'}),frozenset({'Donatella'}),0.023676880222841225,0.020891364902506964,0.016016713091922007,0.6764705882352942,32.38039215686275,1.0,0.01552207074743368,3.0263357812104332,0.9926192395956088,0.5609756097560976,0.669567400217555,0.7215686274509805
frozenset({'Hold On'}),frozenset({'Hang Loose'}),0.03064066852367688,0.022284122562674095,0.016713091922005572,0.5454545454545455,24.47727272727273,1.0,0.016030291509221688,2.1509749303621173,0.9894636015325672,0.4615384615384616,0.5350945350945352,0.6477272727272727
frozenset({'Hang Loose'}),frozenset({'Hold On'}),0.022284122562674095,0.03064066852367688,0.016713091922005572,0.75,24.477272727272727,1.0,0.016030291509221688,3.8774373259052926,0.9810066476733145,0.4615384615384616,0.7420977011494253,0.6477272727272727
frozenset({'Gypsy'}),frozenset({'Applause'}),0.023676880222841225,0.020891364902506964,0.01532033426183844,0.6470588235294118,30.972549019607843,1.0,0.014825691917350113,2.7741411327762306,0.9911814291272208,0.5238095238095237,0.6395280729646055,0.6901960784313725
frozenset({'Applause'}),frozenset({'Gypsy'}),0.020891364902506964,0.023676880222841225,0.01532033426183844,0.7333333333333333,30.97254901960784,1.0,0.014825691917350113,3.661211699164345,0.9883615673089358,0.5238095238095237,0.726866381359962,0.6901960784313725
