antecedents,consequents,antecedent support,consequent support,support,confidence,lift,representativity,leverage,conviction,zhangs_metric,jaccard,certainty,kulczynski
frozenset({'Major Minus - Live'}),frozenset({'Mylo Xyloto - Live'}),0.02023121387283237,0.018304431599229287,0.016377649325626204,0.8095238095238095,44.225563909774436,1.0,0.016007328455121567,5.153901734104046,0.9975707096998091,0.7391304347826085,0.8059722416935371,0.8521303258145363
frozenset({'Mylo Xyloto - Live'}),frozenset({'Major Minus - Live'}),0.018304431599229287,0.02023121387283237,0.016377649325626204,0.8947368421052632,44.225563909774436,1.0,0.016007328455121567,9.307803468208093,0.99561276915084,0.7391304347826085,0.8925632665735135,0.8521303258145363
frozenset({'Hurts Like Heaven - Live'}),frozenset({'Major Minus - Live'}),0.017341040462427744,0.02023121387283237,0.015414258188824663,0.888888888888889,43.93650793650794,1.0,0.015063427890451847,8.817919075144514,0.9944852941176471,0.6956521739130437,0.8865945591609309,0.8253968253968254
frozenset({'Major Minus - Live'}),frozenset({'Hurts Like Heaven - Live'}),0.02023121387283237,0.017341040462427744,0.015414258188824663,0.7619047619047619,43.93650793650794,1.0,0.015063427890451847,4.127167630057802,0.9974188790560472,0.6956521739130437,0.757703081232493,0.8253968253968254
frozenset({'Major Minus - Live'}),frozenset({'Princess of China - Live'}),0.02023121387283237,0.016377649325626204,0.015414258188824663,0.7619047619047619,46.52100840336134,1.0,0.01508291846258367,4.131213872832369,0.9987094395280236,0.7272727272727273,0.7579403945711487,0.8515406162464986
frozenset({'Princess of China - Live'}),frozenset({'Major Minus - Live'}),0.016377649325626204,0.02023121387283237,0.015414258188824663,0.9411764705882353,46.52100840336134,1.0,0.01508291846258367,16.656069364161848,0.9947967678746328,0.7272727272727273,0.9399618254381399,0.8515406162464986
frozenset({'Major Minus - Live'}),frozenset({'Up in Flames - Live'}),0.02023121387283237,0.018304431599229287,0.016377649325626204,0.8095238095238095,44.225563909774436,1.0,0.016007328455121567,5.153901734104046,0.9975707096998091,0.7391304347826085,0.8059722416935371,0.8521303258145363
frozenset({'Up in Flames - Live'}),frozenset({'Major Minus - Live'}),0.018304431599229287,0.02023121387283237,0.016377649325626204,0.8947368421052632,44.225563909774436,1.0,0.016007328455121567,9.307803468208093,0.99561276915084,0.7391304347826085,0.8925632665735135,0.8521303258145363
