antecedents,consequents,antecedent support,consequent support,support,confidence,lift,representativity,leverage,conviction,zhangs_metric,jaccard,certainty,kulczynski
frozenset({'Wanna Be Loved'}),frozenset({'Tomorrow'}),0.019838809671419714,0.022318660880347178,0.015499070055796652,0.78125,35.00434027777778,1.0,0.015056294390470484,4.469400407404128,0.9910942441492725,0.5813953488372093,0.77625634115409,0.7378472222222223
frozenset({'Tomorrow'}),frozenset({'Wanna Be Loved'}),0.022318660880347178,0.019838809671419714,0.015499070055796652,0.6944444444444445,35.004340277777786,1.0,0.015056294390470484,3.207800259257173,0.9936081166772353,0.5813953488372093,0.6882598917703283,0.7378472222222223
