antecedents,consequents,antecedent support,consequent support,support,confidence,lift,representativity,leverage,conviction,zhangs_metric,jaccard,certainty,kulczynski
frozenset({'Falling'}),frozenset({'One'}),0.03617571059431524,0.025839793281653745,0.015503875968992248,0.4285714285714286,16.58571428571429,1.0,0.01456910308541821,1.704780361757106,0.9749776586237713,0.3333333333333333,0.4134141720348617,0.5142857142857142
frozenset({'One'}),frozenset({'Falling'}),0.025839793281653745,0.03617571059431524,0.015503875968992248,0.6,16.585714285714285,1.0,0.01456910308541821,2.4095607235142116,0.964633068081344,0.3333333333333333,0.5849865951742628,0.5142857142857142
