antecedents,consequents,antecedent support,consequent support,support,confidence,lift,representativity,leverage,conviction,zhangs_metric,jaccard,certainty,kulczynski
"frozenset({""Something's Haunting You""})","frozenset({'Hold Me, Thrill Me, Kiss Me'})",0.015852047556142668,0.019815059445178335,0.015852047556142668,1.0,50.46666666666667,1.0,0.015537938291489906,inf,0.9959731543624161,0.8,1.0,0.9
"frozenset({'Hold Me, Thrill Me, Kiss Me'})","frozenset({""Something's Haunting You""})",0.019815059445178335,0.015852047556142668,0.015852047556142668,0.8,50.46666666666667,1.0,0.015537938291489906,4.920739762219288,1.0,0.8,0.7967785234899329,0.9
"frozenset({'Hold Me, Thrill Me, Kiss Me'})",frozenset({'Shadow of Love'}),0.019815059445178335,0.015852047556142668,0.015852047556142668,0.8,50.46666666666667,1.0,0.015537938291489906,4.920739762219288,1.0,0.8,0.7967785234899329,0.9
frozenset({'Shadow of Love'}),"frozenset({'Hold Me, Thrill Me, Kiss Me'})",0.015852047556142668,0.019815059445178335,0.015852047556142668,1.0,50.46666666666667,1.0,0.015537938291489906,inf,0.9959731543624161,0.8,1.0,0.9
