{
    "4.0": {
        "0.1": 0.14665136230314424,
        "0.3": 0.130662844351836,
        "0.5": 0.11094065453872956,
        "0.7": 0.09940639085314995,
        "1.0": 0.08330411663810451
    },
    "2.0": {
        "0.1": 0.42021203769099175,
        "0.3": 0.4121228323586614,
        "0.5": 0.39526522501461786,
        "0.7": 0.3645575449339772,
        "1.0": 0.31724830689033057
    },
    "25.0": {
        "0.1": 0.3245014191332028,
        "0.3": 0.31619027273685163,
        "0.5": 0.288263793849684,
        "0.7": 0.2610639105847135,
        "1.0": 0.2176103829796097
    },
    "12.0": {
        "0.1": 0.09193478324265004,
        "0.3": 0.09930897764969504,
        "0.5": 0.08622660619969602,
        "0.7": 0.08187442595988464,
        "1.0": 0.0750658962860248
    },
    "53.0": {
        "0.1": 0.35061466197399693,
        "0.3": 0.33515882761185284,
        "0.5": 0.3153185152449031,
        "0.7": 0.2955053128338748,
        "1.0": 0.25620901814834296
    },
    "10.0": {
        "0.1": 0.35583297440437234,
        "0.3": 0.3589655343251074,
        "0.5": 0.35146569083664003,
        "0.7": 0.33685643648798375,
        "1.0": 0.2901051425439071
    },
    "50.0": {
        "0.1": 0.26097821825198136,
        "0.3": 0.2543853317796065,
        "0.5": 0.24972282708252944,
        "0.7": 0.23821332660924077,
        "1.0": 0.21034755155481485
    },
    "3.0": {
        "0.1": 0.060659152593985285,
        "0.3": 0.05303632672343614,
        "0.5": 0.049947280806646156,
        "0.7": 0.04524362853319829,
        "1.0": 0.038351343335010925
    },
    "0.0": {
        "0.1": 0.45211399213685377,
        "0.3": 0.45082627687221594,
        "0.5": 0.43445911936417675,
        "0.7": 0.40741894857767447,
        "1.0": 0.3547734757267375
    },
    "52.0": {
        "0.1": 0.2659015582559551,
        "0.3": 0.2492736087320961,
        "0.5": 0.2410163549647725,
        "0.7": 0.2308069515674088,
        "1.0": 0.2099375871176462
    },
    "9.0": {
        "0.1": 0.3505542475960853,
        "0.3": 0.3382493400987918,
        "0.5": 0.32963713522995464,
        "0.7": 0.3283018359208276,
        "1.0": 0.31891359951726256
    },
    "43.0": {
        "0.1": 0.32557883285433925,
        "0.3": 0.30167714792211237,
        "0.5": 0.28926258696393753,
        "0.7": 0.2807260994611096,
        "1.0": 0.23952999807122424
    },
    "5.0": {
        "0.1": 0.49044526718639525,
        "0.3": 0.49315525406063215,
        "0.5": 0.459961484962608,
        "0.7": 0.4304426996353734,
        "1.0": 0.37750971412548934
    },
    "38.0": {
        "0.1": 0.19697544829215502,
        "0.3": 0.17225536760143748,
        "0.5": 0.15639434784077225,
        "0.7": 0.14510228553131907,
        "1.0": 0.12640308083838733
    },
    "23.0": {
        "0.1": 0.2808648816315258,
        "0.3": 0.27570760172369224,
        "0.5": 0.2658214609245792,
        "0.7": 0.25568826160428243,
        "1.0": 0.22491204575564744
    },
    "6.0": {
        "0.1": 0.37646732734095534,
        "0.3": 0.33397563943706843,
        "0.5": 0.29482703803505217,
        "0.7": 0.2712839751451116,
        "1.0": 0.23126088015088236
    },
    "7.0": {
        "0.1": 0.12722149469636343,
        "0.3": 0.11286821637019026,
        "0.5": 0.10968851623743107,
        "0.7": 0.1064248262065779,
        "1.0": 0.09601465659231674
    },
    "54.0": {
        "0.1": 0.5167751909185546,
        "0.3": 0.5049162835566601,
        "0.5": 0.4945269649263036,
        "0.7": 0.4697159172151488,
        "1.0": 0.4046636001793404
    },
    "16.0": {
        "0.1": 0.3401597633236644,
        "0.3": 0.34434647417837994,
        "0.5": 0.33473367911522106,
        "0.7": 0.3257705207772928,
        "1.0": 0.29695601387657333
    },
    "11.0": {
        "0.1": 0.23917216157407575,
        "0.3": 0.2372310818863101,
        "0.5": 0.2346979845098555,
        "0.7": 0.22492048419564178,
        "1.0": 0.21132511955717065
    },
    "30.0": {
        "0.1": 0.23500925726105198,
        "0.3": 0.23288179323775574,
        "0.5": 0.23527739841623208,
        "0.7": 0.22854005616696163,
        "1.0": 0.20884619382590647
    },
    "1.0": {
        "0.1": 0.593362329566968,
        "0.3": 0.599580349111315,
        "0.5": 0.6017951541110659,
        "0.7": 0.587748111394644,
        "1.0": 0.5360321167390015
    },
    "19.0": {
        "0.1": 0.5831187474754687,
        "0.3": 0.58897150910309,
        "0.5": 0.5835263143542625,
        "0.7": 0.5793677347513948,
        "1.0": 0.5429258825221254
    },
    "13.0": {
        "0.1": 0.3461660753369671,
        "0.3": 0.3283334914754936,
        "0.5": 0.3159568233870701,
        "0.7": 0.30080747852869083,
        "1.0": 0.27347003183040663
    },
    "24.0": {
        "0.1": 0.5713179761948001,
        "0.3": 0.57221038404194,
        "0.5": 0.5723599001174219,
        "0.7": 0.5611713484085712,
        "1.0": 0.5058092119954367
    },
    "26.0": {
        "0.1": 0.20312586468983554,
        "0.3": 0.19502040947396854,
        "0.5": 0.19854631639728204,
        "0.7": 0.1930288412789818,
        "1.0": 0.1705137894851171
    },
    "32.0": {
        "0.1": 0.4385172963552145,
        "0.3": 0.4541661241335717,
        "0.5": 0.43418115004527585,
        "0.7": 0.4155055076204347,
        "1.0": 0.36113683905962424
    },
    "45.0": {
        "0.1": 0.4776657359792816,
        "0.3": 0.4738305175121657,
        "0.5": 0.46038871016656185,
        "0.7": 0.45564672637385867,
        "1.0": 0.41738146114438157
    },
    "17.0": {
        "0.1": 0.23633326344516686,
        "0.3": 0.22306659645741989,
        "0.5": 0.21236434276917804,
        "0.7": 0.2102404175526242,
        "1.0": 0.18931095878821338
    },
    "22.0": {
        "0.1": 0.30767398254278033,
        "0.3": 0.3158677207759574,
        "0.5": 0.306232660880815,
        "0.7": 0.3011821275741289,
        "1.0": 0.286169776173582
    },
    "35.0": {
        "0.1": 0.40348361008625844,
        "0.3": 0.4188955998570225,
        "0.5": 0.414192962514299,
        "0.7": 0.4082901750432817,
        "1.0": 0.3763839681239654
    },
    "15.0": {
        "0.1": 0.3725799685240376,
        "0.3": 0.37006286917757514,
        "0.5": 0.37282927660459964,
        "0.7": 0.3714963633633832,
        "1.0": 0.3362561880436558
    },
    "46.0": {
        "0.1": 0.20063713898762933,
        "0.3": 0.2068285648861705,
        "0.5": 0.20798420677880658,
        "0.7": 0.2043961231818024,
        "1.0": 0.18251485147661164
    },
    "31.0": {
        "0.1": 0.7046865503933794,
        "0.3": 0.708258544440875,
        "0.5": 0.704999522789864,
        "0.7": 0.6993697540295161,
        "1.0": 0.658045167400569
    },
    "8.0": {
        "0.1": 0.4025320358353305,
        "0.3": 0.42156983305591356,
        "0.5": 0.42125846326596905,
        "0.7": 0.4123510689427303,
        "1.0": 0.37823978904124617
    },
    "21.0": {
        "0.1": 0.3504103570157501,
        "0.3": 0.3543749647176116,
        "0.5": 0.3510190273380307,
        "0.7": 0.34379074386093017,
        "1.0": 0.31655887107779945
    },
    "33.0": {
        "0.1": 0.5953654982639225,
        "0.3": 0.6058306391249643,
        "0.5": 0.603897896286097,
        "0.7": 0.589217091134951,
        "1.0": 0.5431968581523968
    },
    "20.0": {
        "0.1": 0.5086671225182025,
        "0.3": 0.498246858602275,
        "0.5": 0.44967816960807794,
        "0.7": 0.4244918305333682,
        "1.0": 0.3611437858270902
    },
    "51.0": {
        "0.1": 0.4636157124281115,
        "0.3": 0.46118107923508683,
        "0.5": 0.4427959543757449,
        "0.7": 0.43451310729087345,
        "1.0": 0.40874348418104955
    },
    "18.0": {
        "0.1": 0.5967409635325416,
        "0.3": 0.6001500486227939,
        "0.5": 0.579035132817213,
        "0.7": 0.5725140305809825,
        "1.0": 0.5344566976571897
    },
    "28.0": {
        "0.1": 0.6018320944877956,
        "0.3": 0.6004136735870559,
        "0.5": 0.60235203693081,