{
    "4.0": {
        "0.1": 0.14360103104822622,
        "0.3": 0.1334611894791227,
        "0.5": 0.11662509919442927,
        "0.7": 0.10750516646386049,
        "1.0": 0.09164471434547272
    },
    "2.0": {
        "0.1": 0.43254479032364274,
        "0.3": 0.416100102954899,
        "0.5": 0.38029428119150466,
        "0.7": 0.3573087821139659,
        "1.0": 0.3011784112209474
    },
    "25.0": {
        "0.1": 0.33637543187244723,
        "0.3": 0.3089809667979337,
        "0.5": 0.27322584620461215,
        "0.7": 0.25003618076854894,
        "1.0": 0.20967531010265428
    },
    "12.0": {
        "0.1": 0.09473802437773182,
        "0.3": 0.09459629170909228,
        "0.5": 0.08907835625555277,
        "0.7": 0.08161142544143765,
        "1.0": 0.07135677232032603
    },
    "53.0": {
        "0.1": 0.32406899667517863,
        "0.3": 0.32787157780951487,
        "0.5": 0.3022954198686392,
        "0.7": 0.2815647084057349,
        "1.0": 0.24661034679454608
    },
    "10.0": {
        "0.1": 0.37775743388596544,
        "0.3": 0.3634309666462366,
        "0.5": 0.3505391565859351,
        "0.7": 0.33103060306131765,
        "1.0": 0.28783576895940327
    },
    "50.0": {
        "0.1": 0.2673275201577266,
        "0.3": 0.25959168166931534,
        "0.5": 0.2444444621949955,
        "0.7": 0.2341953097620059,
        "1.0": 0.2052551174805464
    },
    "3.0": {
        "0.1": 0.06193220010713492,
        "0.3": 0.0594948157912981,
        "0.5": 0.050412880156503144,
        "0.7": 0.04481986406037636,
        "1.0": 0.03879127854591314
    },
    "0.0": {
        "0.1": 0.4387748472157511,
        "0.3": 0.4402287796272275,
        "0.5": 0.4226261761124983,
        "0.7": 0.40334456667571655,
        "1.0": 0.33843823735086326
    },
    "52.0": {
        "0.1": 0.2280315617291016,
        "0.3": 0.23161690366118468,
        "0.5": 0.22769616352478203,
        "0.7": 0.22595844613736138,
        "1.0": 0.20725470053547357
    },
    "9.0": {
        "0.1": 0.3446693239578589,
        "0.3": 0.3433247231447232,
        "0.5": 0.34667858934642837,
        "0.7": 0.3404204039237463,
        "1.0": 0.3223083718222402
    },
    "43.0": {
        "0.1": 0.3240494500776572,
        "0.3": 0.30200766329082973,
        "0.5": 0.2867950678064242,
        "0.7": 0.2773123480171391,
        "1.0": 0.24538927631500237
    },
    "5.0": {
        "0.1": 0.4839869169332285,
        "0.3": 0.4778527022668014,
        "0.5": 0.459840146548209,
        "0.7": 0.4353358569637127,
        "1.0": 0.3763532626013473
    },
    "38.0": {
        "0.1": 0.17603115693141852,
        "0.3": 0.16774947355972775,
        "0.5": 0.14957517021655323,
        "0.7": 0.14111595011715225,
        "1.0": 0.12300285722106331
    },
    "23.0": {
        "0.1": 0.27845385783348514,
        "0.3": 0.27811501346750656,
        "0.5": 0.26693130638675344,
        "0.7": 0.2538263314409376,
        "1.0": 0.23040743207808392
    },
    "6.0": {
        "0.1": 0.3596568423315451,
        "0.3": 0.31560862563612413,
        "0.5": 0.2904340580538381,
        "0.7": 0.274145382664326,
        "1.0": 0.24217846788963157
    },
    "7.0": {
        "0.1": 0.1222708572941113,
        "0.3": 0.11516740084324585,
        "0.5": 0.10875340436923794,
        "0.7": 0.10482300906642848,
        "1.0": 0.09428141027749697
    },
    "54.0": {
        "0.1": 0.5127621323681388,
        "0.3": 0.506372347698406,
        "0.5": 0.4933274032667374,
        "0.7": 0.47321221913325895,
        "1.0": 0.40625456749235106
    },
    "16.0": {
        "0.1": 0.3484104085578491,
        "0.3": 0.34831534731905345,
        "0.5": 0.3461132714541303,
        "0.7": 0.329264393250463,
        "1.0": 0.29022265240633666
    },
    "11.0": {
        "0.1": 0.22870249855269434,
        "0.3": 0.23248888695274716,
        "0.5": 0.22750232812757099,
        "0.7": 0.22480232626631616,
        "1.0": 0.20997149943857457
    },
    "30.0": {
        "0.1": 0.2466932302766268,
        "0.3": 0.24210550832599467,
        "0.5": 0.24196707994891034,
        "0.7": 0.236971196011972,
        "1.0": 0.20254965199675135
    },
    "1.0": {
        "0.1": 0.5911796180307209,
        "0.3": 0.60831095303128,
        "0.5": 0.6018451447756243,
        "0.7": 0.591764038953086,
        "1.0": 0.5450854690460747
    },
    "19.0": {
        "0.1": 0.5690924042692237,
        "0.3": 0.5676012794711083,
        "0.5": 0.5783612938706245,
        "0.7": 0.5692932853385525,
        "1.0": 0.5308473453137575
    },
    "13.0": {
        "0.1": 0.32553554720189015,
        "0.3": 0.32150397228121336,
        "0.5": 0.3039493940034435,
        "0.7": 0.2991789972008764,
        "1.0": 0.27447749114997577
    },
    "24.0": {
        "0.1": 0.5940624616928079,
        "0.3": 0.5883451863501946,
        "0.5": 0.5827644584859659,
        "0.7": 0.5714523795369879,
        "1.0": 0.5254703712806186
    },
    "26.0": {
        "0.1": 0.21185387523086965,
        "0.3": 0.20548991711483736,
        "0.5": 0.19447629317680046,
        "0.7": 0.18450061628408576,
        "1.0": 0.1651993709042718
    },
    "32.0": {
        "0.1": 0.44215973456409413,
        "0.3": 0.4452949150245557,
        "0.5": 0.42648931908859694,
        "0.7": 0.4085413969973868,
        "1.0": 0.3544368123364461
    },
    "45.0": {
        "0.1": 0.46270509932028064,
        "0.3": 0.4604980989513889,
        "0.5": 0.46792327063478395,
        "0.7": 0.4577695678552983,
        "1.0": 0.437487027691692
    },
    "17.0": {
        "0.1": 0.24655958851562437,
        "0.3": 0.23607866288957916,
        "0.5": 0.22872201986292906,
        "0.7": 0.21312118149558829,
        "1.0": 0.18660897546811683
    },
    "22.0": {
        "0.1": 0.30962547296002,
        "0.3": 0.31613477239465176,
        "0.5": 0.31942480104834897,
        "0.7": 0.30906868279520466,
        "1.0": 0.28756883574223585
    },
    "35.0": {
        "0.1": 0.41518095339662975,
        "0.3": 0.4326572466809009,
        "0.5": 0.42741265678894974,
        "0.7": 0.4177051836382402,
        "1.0": 0.38032265416769534
    },
    "15.0": {
        "0.1": 0.3985057021226238,
        "0.3": 0.40157972417748417,
        "0.5": 0.4013135042004056,
        "0.7": 0.3931289026484145,
        "1.0": 0.35157754498429183
    },
    "46.0": {
        "0.1": 0.19296479854981854,
        "0.3": 0.2012279875198358,
        "0.5": 0.2007540882364205,
        "0.7": 0.19887119882895962,
        "1.0": 0.18984940216072166
    },
    "31.0": {
        "0.1": 0.6874128756372524,
        "0.3": 0.6925310272585011,
        "0.5": 0.696158609394932,
        "0.7": 0.6884872766523616,
        "1.0": 0.6547157668267815
    },
    "8.0": {
        "0.1": 0.4178819567988598,
        "0.3": 0.42851610198913437,
        "0.5": 0.4372369307770701,
        "0.7": 0.4277896976183533,
        "1.0": 0.3895561026885332
    },
    "21.0": {
        "0.1": 0.32415165073394503,
        "0.3": 0.33136160551720023,
        "0.5": 0.33142037070469266,
        "0.7": 0.32978679274539446,
        "1.0": 0.314285721919446
    },
    "33.0": {
        "0.1": 0.5883993531885199,
        "0.3": 0.5950524203552597,
        "0.5": 0.5932585055684256,
        "0.7": 0.5845941053612307,
        "1.0": 0.5451292301884831
    },
    "20.0": {
        "0.1": 0.49138013361105953,
        "0.3": 0.4756325287713745,
        "0.5": 0.45076279785986695,
        "0.7": 0.42390004050093566,
        "1.0": 0.36424879023317197
    },
    "51.0": {
        "0.1": 0.46921065884344343,
        "0.3": 0.463397001806886,
        "0.5": 0.4517668186729252,
        "0.7": 0.44058657519942185,
        "1.0": 0.4194438142858681
    },
    "18.0": {
        "0.1": 0.5780468269407067,
        "0.3": 0.5764795520453824,
        "0.5": 0.5708007133237905,
        "0.7": 0.560110256613487,
        "1.0": 0.5324222430145729
    },
    "28.0": {
        "0.1": 0.6134865008838872,
        "0.3": 0.6015547404784817,
        "0.5": 0.6001359776875271,