{
    "10.0": {
        "0.1": 0.17583004249776213,
        "0.3": 0.1365330290531463,
        "0.5": 0.10974491983271417,
        "0.7": 0.09170377008539925,
        "1.0": 0.07815739535315785
    },
    "9.0": {
        "0.1": 0.4235595042681791,
        "0.3": 0.403994954061736,
        "0.5": 0.3757791281439297,
        "0.7": 0.3431852133853412,
        "1.0": 0.278933233227053
    },
    "13.0": {
        "0.1": 0.23870382911658836,
        "0.3": 0.24254059396663336,
        "0.5": 0.23366707095558842,
        "0.7": 0.22437730544279857,
        "1.0": 0.20724862417857892
    },
    "16.0": {
        "0.1": 0.19617849920836392,
        "0.3": 0.19827725706837776,
        "0.5": 0.19468202371882584,
        "0.7": 0.1887611264477512,
        "1.0": 0.18006735391290513
    },
    "5.0": {
        "0.1": 0.329753416810826,
        "0.3": 0.33332804015987877,
        "0.5": 0.31978426728215903,
        "0.7": 0.3056658748968287,
        "1.0": 0.2583196874970552
    },
    "4.0": {
        "0.1": 0.45976457920391595,
        "0.3": 0.45844947820634174,
        "0.5": 0.4439902702051212,
        "0.7": 0.42465404624610004,
        "1.0": 0.3661239102683437
    },
    "22.0": {
        "0.1": 0.30469352733323,
        "0.3": 0.2906342023189314,
        "0.5": 0.27908263884810247,
        "0.7": 0.2664975440980347,
        "1.0": 0.23835322361953082
    },
    "12.0": {
        "0.1": 0.3861640880478248,
        "0.3": 0.3812804530118666,
        "0.5": 0.36389297235999096,
        "0.7": 0.34318360183228913,
        "1.0": 0.2903991463009606
    },
    "17.0": {
        "0.1": 0.32696406959453567,
        "0.3": 0.31874742715900134,
        "0.5": 0.31096082578304446,
        "0.7": 0.3045288173520601,
        "1.0": 0.28243238130165066
    },
    "11.0": {
        "0.1": 0.3742855013749366,
        "0.3": 0.3825525732054798,
        "0.5": 0.3729958849506618,
        "0.7": 0.35692027603902315,
        "1.0": 0.3237927891897408
    },
    "26.0": {
        "0.1": 0.3243037294880956,
        "0.3": 0.31187975100704046,
        "0.5": 0.30962406219786953,
        "0.7": 0.3061935454392875,
        "1.0": 0.28214558758131286
    },
    "2.0": {
        "0.1": 0.43238759069777033,
        "0.3": 0.4308524435330061,
        "0.5": 0.42387642754353705,
        "0.7": 0.415387797077654,
        "1.0": 0.3828905934863082
    },
    "24.0": {
        "0.1": 0.35414099706217345,
        "0.3": 0.3513778380576562,
        "0.5": 0.3423945539009272,
        "0.7": 0.3296980659712335,
        "1.0": 0.2962018817039354
    },
    "21.0": {
        "0.1": 0.24419529776550866,
        "0.3": 0.24078408364187012,
        "0.5": 0.24642743896086283,
        "0.7": 0.24398772480018371,
        "1.0": 0.21628220391203493
    },
    "0.0": {
        "0.1": 0.28992971535196155,
        "0.3": 0.28415387053400776,
        "0.5": 0.27565274420937125,
        "0.7": 0.26278783519960053,
        "1.0": 0.23020134139453496
    },
    "20.0": {
        "0.1": 0.4575614341923492,
        "0.3": 0.4625833751411804,
        "0.5": 0.4584237546208109,
        "0.7": 0.4490975832536568,
        "1.0": 0.4027696600533331
    },
    "15.0": {
        "0.1": 0.45470161966333394,
        "0.3": 0.44729744239738634,
        "0.5": 0.4569950795913265,
        "0.7": 0.4395303141454539,
        "1.0": 0.39731558352082913
    },
    "7.0": {
        "0.1": 0.44012117928489175,
        "0.3": 0.44701313539837656,
        "0.5": 0.4458862027810565,
        "0.7": 0.4326505332447638,
        "1.0": 0.39814381946284416
    },
    "50.0": {
        "0.1": 0.36576242156239724,
        "0.3": 0.36507717069353857,
        "0.5": 0.34048798060787,
        "0.7": 0.3285889812545954,
        "1.0": 0.2866079571031799
    },
    "34.0": {
        "0.1": 0.6087258863960355,
        "0.3": 0.6160037454583225,
        "0.5": 0.6214935151993006,
        "0.7": 0.6108320739998391,
        "1.0": 0.5517456020634184
    },
    "25.0": {
        "0.1": 0.4693264786924401,
        "0.3": 0.4723476707077009,
        "0.5": 0.47352702060095697,
        "0.7": 0.4660391126826417,
        "1.0": 0.42642776752090655
    },
    "39.0": {
        "0.1": 0.3802063214813512,
        "0.3": 0.3731768646194587,
        "0.5": 0.362890656059468,
        "0.7": 0.3549906654688895,
        "1.0": 0.3229278030428809
    },
    "18.0": {
        "0.1": 0.3460372463148792,
        "0.3": 0.3558680198811409,
        "0.5": 0.3419070627489632,
        "0.7": 0.3379231005607275,
        "1.0": 0.3084575845250648
    },
    "54.0": {
        "0.1": 0.28277526896739397,
        "0.3": 0.2776833896568212,
        "0.5": 0.2802839533220731,
        "0.7": 0.2684179463521928,
        "1.0": 0.24320728240832423
    },
    "3.0": {
        "0.1": 0.1484675731612286,
        "0.3": 0.1508358914734307,
        "0.5": 0.14680704080740348,
        "0.7": 0.13942131098482025,
        "1.0": 0.12183101773785424
    },
    "6.0": {
        "0.1": 0.43465146334378024,
        "0.3": 0.42766999841239484,
        "0.5": 0.4179256252799321,
        "0.7": 0.4097331006850073,
        "1.0": 0.3820219993913778
    },
    "23.0": {
        "0.1": 0.33523611662022845,
        "0.3": 0.33958799012271984,
        "0.5": 0.336064711684085,
        "0.7": 0.33361583582905796,
        "1.0": 0.3131925039707478
    },
    "38.0": {
        "0.1": 0.4273854469421977,
        "0.3": 0.4346966964523641,
        "0.5": 0.4371627998617238,
        "0.7": 0.43200969982630694,
        "1.0": 0.4011433921584376
    },
    "41.0": {
        "0.1": 0.4893263325299507,
        "0.3": 0.49664004433553766,
        "0.5": 0.5028435326121212,
        "0.7": 0.4980515161525589,
        "1.0": 0.4539620481526615
    },
    "33.0": {
        "0.1": 0.4698048662328428,
        "0.3": 0.4756898305613393,
        "0.5": 0.4629388893675208,
        "0.7": 0.4473886298869705,
        "1.0": 0.3870383393314815
    },
    "1.0": {
        "0.1": 0.24677205608015373,
        "0.3": 0.24285438114318264,
        "0.5": 0.24862454520189706,
        "0.7": 0.24853030263714046,
        "1.0": 0.2429125988539053
    },
    "36.0": {
        "0.1": 0.43455465203481736,
        "0.3": 0.4371455541969598,
        "0.5": 0.42934939912747916,
        "0.7": 0.4209202611708524,
        "1.0": 0.3819006739433781
    },
    "42.0": {
        "0.1": 0.4688101829261068,
        "0.3": 0.46509696079087304,
        "0.5": 0.46770143041727136,
        "0.7": 0.45409112382391675,
        "1.0": 0.4175772897212585
    },
    "8.0": {
        "0.1": 0.4294205559992817,
        "0.3": 0.4282273616365457,
        "0.5": 0.42096332335540987,
        "0.7": 0.41916980347323274,
        "1.0": 0.38577649131620495
    },
    "27.0": {
        "0.1": 0.12649394048544815,
        "0.3": 0.12747567017720784,
        "0.5": 0.12201174575811577,
        "0.7": 0.11919324825964378,
        "1.0": 0.10375852596255947
    },
    "44.0": {
        "0.1": 0.45327812382762545,
        "0.3": 0.4604611167970726,
        "0.5": 0.46369355821107283,
        "0.7": 0.4554237475328647,
        "1.0": 0.44201240650470247
    },
    "46.0": {
        "0.1": 0.38948258430799976,
        "0.3": 0.3774329552081044,
        "0.5": 0.3858072235459395,
        "0.7": 0.3739116305961001,
        "1.0": 0.35157885922870374
    },
    "48.0": {
        "0.1": 0.3939414357552718,
        "0.3": 0.39617719505862337,
        "0.5": 0.3856552254006805,
        "0.7": 0.37637681647258275,
        "1.0": 0.35819722512993896
    },
    "51.0": {
        "0.1": 0.5166646282940769,
        "0.3": 0.5330205201511783,
        "0.5": 0.53681475887547,
        "0.7": 0.5261807808192974,
        "1.0": 0.47929283599166883
    },
    "43.0": {
        "0.1": 0.5303190013154545,
        "0.3": 0.535044039654309,
        "0.5": 0.5370982106894463,
        "0.7": 0.5319098996584857,
        "1.0": 0.4834335530304109
    },
    "53.0": {
        "0.1": 0.3812279655947961,
        "0.3": 0.3862100483261048,
        "0.5": 0.37306653491058506,