{
    "23.0": {
        "0.1": 0.3113847812952175,
        "0.3": 0.2873379236991022,
        "0.5": 0.2373940237983171,
        "0.7": 0.20497856657587346,
        "1.0": 0.1700095242998084
    },
    "5.0": {
        "0.1": 0.41348491415837224,
        "0.3": 0.3818889698212826,
        "0.5": 0.34663927539756884,
        "0.7": 0.3149793897253846,
        "1.0": 0.25917025997262705
    },
    "31.0": {
        "0.1": 0.04490112130259211,
        "0.3": 0.041145971894259364,
        "0.5": 0.038300010909226315,
        "0.7": 0.03757409994707134,
        "1.0": 0.03399253964884588
    },
    "15.0": {
        "0.1": 0.28869911055189845,
        "0.3": 0.26290371357663367,
        "0.5": 0.24779967869223513,
        "0.7": 0.23095900329140145,
        "1.0": 0.20290223325603476
    },
    "9.0": {
        "0.1": 0.4016172377234183,
        "0.3": 0.4019728862522642,
        "0.5": 0.3711139799240325,
        "0.7": 0.3515571767211654,
        "1.0": 0.29309755220350747
    },
    "24.0": {
        "0.1": 0.30265448770616227,
        "0.3": 0.31005715770250186,
        "0.5": 0.30816456689494987,
        "0.7": 0.2877853901540386,
        "1.0": 0.246607990077172
    },
    "13.0": {
        "0.1": 0.41244891387631455,
        "0.3": 0.400519978616738,
        "0.5": 0.37583891569948974,
        "0.7": 0.355768784782703,
        "1.0": 0.3219062724201779
    },
    "27.0": {
        "0.1": 0.18406279142438314,
        "0.3": 0.17894380568897816,
        "0.5": 0.17524142302759887,
        "0.7": 0.17251459918438106,
        "1.0": 0.15596294226209897
    },
    "51.0": {
        "0.1": 0.37872838695039207,
        "0.3": 0.36272751861199864,
        "0.5": 0.353485425947525,
        "0.7": 0.34054212363382474,
        "1.0": 0.2888819398988811
    },
    "8.0": {
        "0.1": 0.41665261664435804,
        "0.3": 0.4013726896469325,
        "0.5": 0.3808425374478908,
        "0.7": 0.3640868502005392,
        "1.0": 0.3240246941736488
    },
    "35.0": {
        "0.1": 0.1827142561286556,
        "0.3": 0.16345658906040697,
        "0.5": 0.15909904795766325,
        "0.7": 0.15291130717176385,
        "1.0": 0.14450761045599422
    },
    "42.0": {
        "0.1": 0.2329375303995259,
        "0.3": 0.2420480469085169,
        "0.5": 0.22598613541123974,
        "0.7": 0.21565772925691853,
        "1.0": 0.18678985812810392
    },
    "7.0": {
        "0.1": 0.2676297700357638,
        "0.3": 0.2720987465174644,
        "0.5": 0.2568890111569036,
        "0.7": 0.24521547544495279,
        "1.0": 0.21074011241422066
    },
    "2.0": {
        "0.1": 0.36607017060384506,
        "0.3": 0.3571341635825456,
        "0.5": 0.3515457800442235,
        "0.7": 0.3456176428033271,
        "1.0": 0.3060889043300671
    },
    "25.0": {
        "0.1": 0.19072321343474274,
        "0.3": 0.18660758421302176,
        "0.5": 0.17849908919261018,
        "0.7": 0.1712260812180209,
        "1.0": 0.14295569191338597
    },
    "3.0": {
        "0.1": 0.48098956124152153,
        "0.3": 0.4867390033480808,
        "0.5": 0.4707276909823652,
        "0.7": 0.46222364590625725,
        "1.0": 0.4203631006836616
    },
    "14.0": {
        "0.1": 0.08732985895923198,
        "0.3": 0.08589251733314374,
        "0.5": 0.07701131654341807,
        "0.7": 0.07845660224404682,
        "1.0": 0.06704683941782066
    },
    "54.0": {
        "0.1": 0.4296467163510854,
        "0.3": 0.4307213879144024,
        "0.5": 0.40545062803215287,
        "0.7": 0.38224155359932527,
        "1.0": 0.33841657656017055
    },
    "4.0": {
        "0.1": 0.37746774964298174,
        "0.3": 0.3779034826702769,
        "0.5": 0.36497840939248066,
        "0.7": 0.3545730354071118,
        "1.0": 0.30818205224565864
    },
    "21.0": {
        "0.1": 0.20945306972569785,
        "0.3": 0.20145118711836163,
        "0.5": 0.18812476512887602,
        "0.7": 0.18124069775678456,
        "1.0": 0.16427890865249842
    },
    "48.0": {
        "0.1": 0.1884387546485885,
        "0.3": 0.19090755522767494,
        "0.5": 0.19907475268151256,
        "0.7": 0.1958288914964898,
        "1.0": 0.1815048931987492
    },
    "52.0": {
        "0.1": 0.11467415230762205,
        "0.3": 0.11526460469258872,
        "0.5": 0.10885383711072122,
        "0.7": 0.10765433955383959,
        "1.0": 0.10437813467235678
    },
    "28.0": {
        "0.1": 0.3899099515513884,
        "0.3": 0.3859413973630278,
        "0.5": 0.3720644440069516,
        "0.7": 0.3568938699794949,
        "1.0": 0.324873324309037
    },
    "38.0": {
        "0.1": 0.16813066082087352,
        "0.3": 0.1452369075051106,
        "0.5": 0.12218096849104271,
        "0.7": 0.11273732859446178,
        "1.0": 0.09246843184181248
    },
    "22.0": {
        "0.1": 0.42039444626158184,
        "0.3": 0.4150422642611431,
        "0.5": 0.39664241061960337,
        "0.7": 0.38281752006816644,
        "1.0": 0.3256104726257395
    },
    "46.0": {
        "0.1": 0.27671520924932447,
        "0.3": 0.28765823260673123,
        "0.5": 0.28302167734520706,
        "0.7": 0.2701402212411482,
        "1.0": 0.2445170872539969
    },
    "17.0": {
        "0.1": 0.5347363827871818,
        "0.3": 0.5305122178075184,
        "0.5": 0.5133248025309995,
        "0.7": 0.49991321417759466,
        "1.0": 0.45165779352376956
    },
    "33.0": {
        "0.1": 0.3533786427767218,
        "0.3": 0.35152943075875487,
        "0.5": 0.3421635535902789,
        "0.7": 0.3337355795752312,
        "1.0": 0.29528921463884833
    },
    "36.0": {
        "0.1": 0.24777901094378266,
        "0.3": 0.23172727941766358,
        "0.5": 0.22080210020230212,
        "0.7": 0.21360099930000156,
        "1.0": 0.19191427426720678
    },
    "29.0": {
        "0.1": 0.19962638545931025,
        "0.3": 0.1933671030576503,
        "0.5": 0.1884287052505815,
        "0.7": 0.18715496858859698,
        "1.0": 0.16803600116005818
    },
    "40.0": {
        "0.1": 0.3268007522379064,
        "0.3": 0.3299297646298367,
        "0.5": 0.32474663696664946,
        "0.7": 0.31767288643953057,
        "1.0": 0.2797481277648507
    },
    "30.0": {
        "0.1": 0.6556336236994262,
        "0.3": 0.6739875113356877,
        "0.5": 0.6656327165254479,
        "0.7": 0.622616784938959,
        "1.0": 0.5535114314142995
    },
    "43.0": {
        "0.1": 0.2526322353874343,
        "0.3": 0.2498780888150803,
        "0.5": 0.25324963870717243,
        "0.7": 0.2516710380137253,
        "1.0": 0.24222096621069591
    },
    "18.0": {
        "0.1": 0.33990130153862663,
        "0.3": 0.29954769140273624,
        "0.5": 0.26757530527353285,
        "0.7": 0.24484015290576738,
        "1.0": 0.20686731356292398
    },
    "41.0": {
        "0.1": 0.15146598180268384,
        "0.3": 0.1292473958933909,
        "0.5": 0.114093944664661,
        "0.7": 0.1042047809221888,
        "1.0": 0.08648527680204157
    },
    "20.0": {
        "0.1": 0.5272389374234752,
        "0.3": 0.5290634899978193,
        "0.5": 0.516493866004517,
        "0.7": 0.49716323365254034,
        "1.0": 0.44702475343067377
    },
    "12.0": {
        "0.1": 0.31256867663665355,
        "0.3": 0.30097090178408314,
        "0.5": 0.2948811668446997,
        "0.7": 0.28367411619047656,
        "1.0": 0.2715272549157042
    },
    "34.0": {
        "0.1": 0.36780768830477284,
        "0.3": 0.3825921761831525,
        "0.5": 0.3689381143364574,
        "0.7": 0.35355910068916574,
        "1.0": 0.3194749318288284
    },
    "10.0": {
        "0.1": 0.18294994486388258,
        "0.3": 0.19190117766262035,
        "0.5": 0.18335695153140738,
        "0.7": 0.1783166258121382,
        "1.0": 0.15887721079415196
    },
    "1.0": {
        "0.1": 0.30166719237606177,
        "0.3": 0.2980388742454005,
        "0.5": 0.2852270127110686,
        "0.7": 0.2767001356606078,
        "1.0": 0.25487984218880727
    },
    "11.0": {
        "0.1": 0.38701614811769125,
        "0.3": 0.3972307843530015,